RiskCase,alpha,eta,f1_A_over_q,f2_A_over_q,f3_A_over_q,f1_B_over_q,f2_B_over_q,f3_B_over_q,pi_A,pi_B,D_tail_AB,D_p_AB,D_f_AB,Gap_A_at_fB,Active_A_minus_Active_B
Expectation-only,0.80,0.0,0.024,0.147,0.829,0.024,0.147,0.829,24.10,24.10,1.600,0.000,8.5e-7,1.9e-7,0
Mean--CVaR,0.80,0.2,0.010,0.130,0.861,0.111,0.183,0.706,26.83,26.15,1.600,0.320,0.310,0.0211,0
Mean--CVaR,0.80,0.4,0.001,0.114,0.885,0.196,0.276,0.529,29.56,26.95,1.600,0.640,0.713,0.0631,0
Mean--CVaR,0.80,0.6,0.000,0.099,0.901,0.266,0.384,0.350,32.24,29.00,1.600,0.960,1.102,0.1160,-1
Mean--CVaR,0.80,0.8,0.000,0.086,0.914,0.277,0.402,0.321,34.93,27.35,1.600,1.280,1.185,0.1278,-1
CVaR-only,0.80,1.0,0.000,0.075,0.925,0.277,0.402,0.321,37.62,29.01,1.600,1.600,1.208,0.1299,-1
Expectation-only,0.84,0.0,0.024,0.147,0.829,0.024,0.147,0.829,24.10,24.10,1.500,0.000,8.5e-7,1.9e-7,0
Mean--CVaR,0.84,0.2,0.017,0.165,0.818,0.121,0.249,0.630,27.28,26.48,1.500,0.300,0.376,0.0254,0
Mean--CVaR,0.84,0.4,0.011,0.184,0.806,0.257,0.370,0.373,30.46,27.51,1.500,0.600,0.865,0.0830,0
Mean--CVaR,0.84,0.6,0.006,0.202,0.792,0.277,0.402,0.321,33.62,29.67,1.500,0.900,0.942,0.0925,0
Mean--CVaR,0.84,0.8,0.002,0.221,0.777,0.277,0.402,0.321,36.77,28.37,1.500,1.200,0.913,0.0875,0
CVaR-only,0.84,1.0,0.000,0.239,0.761,0.277,0.402,0.321,39.91,30.86,1.500,1.500,0.881,0.0832,-1
Expectation-only,0.88,0.0,0.024,0.147,0.829,0.024,0.147,0.829,24.10,24.10,1.333,0.000,8.5e-7,1.9e-7,0
Mean--CVaR,0.88,0.2,0.032,0.236,0.732,0.130,0.381,0.488,27.97,26.95,1.333,0.267,0.488,0.0352,0
Mean--CVaR,0.88,0.4,0.037,0.342,0.621,0.277,0.402,0.321,31.72,27.13,1.333,0.533,0.601,0.0598,0
Mean--CVaR,0.88,0.6,0.041,0.446,0.512,0.277,0.402,0.321,35.41,28.67,1.333,0.800,0.472,0.0403,0
Mean--CVaR,0.88,0.8,0.046,0.533,0.421,0.277,0.402,0.321,39.10,31.07,1.333,1.067,0.463,0.0385,0
CVaR-only,0.88,1.0,0.052,0.598,0.350,0.277,0.402,0.321,42.82,32.21,1.333,1.333,0.452,0.0468,0
Expectation-only,0.92,0.0,0.024,0.147,0.829,0.024,0.147,0.829,24.10,24.10,1.000,0.000,8.5e-7,1.9e-7,0
Mean--CVaR,0.92,0.2,0.053,0.301,0.646,0.125,0.460,0.415,28.63,27.64,1.000,0.200,0.462,0.0351,0
Mean--CVaR,0.92,0.4,0.084,0.474,0.442,0.255,0.414,0.331,32.87,29.82,1.000,0.400,0.343,0.0231,0
Mean--CVaR,0.92,0.6,0.119,0.598,0.283,0.277,0.402,0.321,36.98,31.58,1.000,0.600,0.392,0.0391,0
Mean--CVaR,0.92,0.8,0.156,0.671,0.173,0.277,0.402,0.321,41.02,33.22,1.000,0.800,0.539,0.0508,0
CVaR-only,0.92,1.0,0.189,0.713,0.098,0.277,0.402,0.321,44.96,34.85,1.000,1.000,0.622,0.0604,0
Expectation-only,0.96,0.0,0.024,0.147,0.829,0.024,0.147,0.829,24.10,24.10,0.000,0.000,8.5e-7,1.9e-7,0
Mean--CVaR,0.96,0.2,0.087,0.298,0.616,0.087,0.298,0.616,29.45,29.45,0.000,0.000,1.7e-6,1.6e-7,0
Mean--CVaR,0.96,0.4,0.174,0.448,0.377,0.174,0.448,0.377,34.21,34.21,0.000,0.000,7.8e-7,5.6e-8,0
Mean--CVaR,0.96,0.6,0.260,0.540,0.201,0.260,0.540,0.201,38.67,38.67,0.000,0.000,1.4e-5,6.2e-7,0
Mean--CVaR,0.96,0.8,0.322,0.585,0.094,0.322,0.585,0.094,43.02,43.02,0.000,0.000,7.4e-7,1.7e-7,0
CVaR-only,0.96,1.0,0.360,0.604,0.036,0.360,0.604,0.036,47.28,47.28,0.000,0.000,3.5e-7,2.4e-8,0
