RiskCase,alpha,alpha_requested,alpha_used,alpha_is_limit,eta,tail_hinge_coeff,f1_A_over_q,f2_A_over_q,f3_A_over_q,f1_B_over_q,f2_B_over_q,f3_B_over_q,P1_A,P2_A,P3_A,P1_B,P2_B,P3_B,pi_A,pi_B,ActiveCount,Active_A,Active_B,D_tail_AB,Mean_D_tail_AB,D_p_AB,Mean_D_p_AB,TailTV_max_AB,D_f_AB,Gap_A_at_fB,Active_A_minus_Active_B,WorstTailPath,TailSet_B_at_fB,TailSet_A_P1_at_fB,TailSet_A_P2_at_fB,TailSet_A_P3_at_fB,MeanPotential,CVaRPotential,CEPotential,SystemTailSelector
Expectation-only,0.8,0.8,0.8,False,0.0,0.0,0.024330602869699756,0.14659132790826349,0.8290780692220381,0.02433069641145897,0.14659090125553118,0.8290784023330099,0.024330602869699756,0.14659132790826349,0.8290780692220381,0.02433069641145897,0.14659090125553118,0.8290784023330099,24.102211636253173,24.102211623342647,3,3,3,1.600000000000001,0.7333333333333338,0.0,0.0,0.0,8.533054633885761e-07,1.9404475460645393e-07,0,P1,Lower incident(0.50); Shortcut incident(0.30); System-wide(0.20),Upper incident(0.80); System-wide(0.20),Lower incident(0.80); System-wide(0.20),Lower incident(0.50); Shortcut incident(0.30); System-wide(0.20),1367.4625369565679,2282.702982146295,1367.4625369565679,Lower incident(0.59); Shortcut incident(1.00); System-wide(1.00)
Mean-CVaR,0.8,0.8,0.8,False,0.2,1.0000000000000002,0.009754000554084808,0.1295586544080347,0.8606873450378799,0.11113173317110467,0.18301326662774248,0.7058550002011529,0.009754000554084808,0.1295586544080347,0.8606873450378799,0.11113173317110467,0.18301326662774248,0.7058550002011529,26.83075821474707,26.150593618109,3,3,3,1.600000000000001,0.7333333333333338,0.3200000000000004,0.14666666666666686,0.1600000000000002,0.3096646896734547,0.02106841524484458,0,P1,Lower incident(0.50); Shortcut incident(0.30); System-wide(0.20),Upper incident(0.80); System-wide(0.20),Lower incident(0.80); System-wide(0.20),Lower incident(0.50); Shortcut incident(0.30); System-wide(0.20),1412.6010459204062,2230.4997961821914,1576.1807959727632,Lower incident(0.59); Shortcut incident(1.00); System-wide(1.00)
Mean-CVaR,0.8,0.8,0.8,False,0.4,2.0000000000000004,0.0008899325047070543,0.11391712545158275,0.8851929420437085,0.1959065994490799,0.2755089325047751,0.5285844680461449,0.0008899325047070543,0.11391712545158275,0.8851929420437085,0.1959065994490799,0.2755089325047751,0.5285844680461449,29.555118750207065,26.954435910197667,3,3,3,1.6000000000000008,1.066666666666667,0.6400000000000002,0.4266666666666669,0.3200000000000001,0.7132169479951287,0.06305737842710601,0,P2,Upper incident(0.50); Shortcut incident(0.30); System-wide(0.20),Upper incident(0.80); System-wide(0.20),Lower incident(0.80); System-wide(0.20),Lower incident(0.50); Shortcut incident(0.30); System-wide(0.20),1471.1070519328296,2181.6753764946757,1755.334381757568,Upper incident(0.56); Shortcut incident(1.00); System-wide(1.00)
Mean-CVaR,0.8,0.8,0.8,False,0.6,3.0000000000000004,0.0,0.09923840256852531,0.9007615974314754,0.26604738094749525,0.3840270374713694,0.3499255815811354,0.0,0.09923840256852531,0.9007615974314754,0.26604738094749525,0.3840270374713694,0.3499255815811354,32.2438380400324,28.999945298354348,3,2,3,1.600000000000001,0.7333333333333338,0.9600000000000006,0.4400000000000002,0.4800000000000003,1.1016720317006794,0.11597537981233987,-1,P1,Lower incident(0.50); Shortcut incident(0.30); System-wide(0.20),Upper incident(0.80); System-wide(0.20),Lower incident(0.80); System-wide(0.20),Lower incident(0.50); Shortcut incident(0.30); System-wide(0.20),1528.1848929892399,2143.642489366775,1897.459450815761,Lower incident(0.59); Shortcut incident(1.00); System-wide(1.00)
Mean-CVaR,0.8,0.8,0.8,False,0.8,4.000000000000001,0.0,0.08635260863532432,0.9136473913646743,0.2774429404322438,0.40165640731399915,0.320900652253757,0.0,0.08635260863532432,0.9136473913646743,0.2774429404322438,0.40165640731399915,0.320900652253757,34.930442988322426,27.34850393253692,3,2,3,1.6000000000000014,1.0666666666666675,1.2800000000000007,0.8533333333333336,0.6400000000000003,1.185493478221836,0.12783260078197328,-1,P2,Upper incident(0.80); System-wide(0.20),Upper incident(0.80); System-wide(0.20),Lower incident(0.80); System-wide(0.20),Lower incident(0.50); Shortcut incident(0.30); System-wide(0.20),1537.5934711417235,2137.737887011968,2017.709003837919,Upper incident(0.89); System-wide(1.00)
CVaR-only,0.8,0.8,0.8,False,1.0,5.000000000000001,0.0,0.07510013160673666,0.9248998683932601,0.2774429404322437,0.40165640731399926,0.3209006522537572,0.0,0.07510013160673666,0.9248998683932601,0.2774429404322437,0.40165640731399926,0.3209006522537572,37.61989830273474,29.00565509740646,3,2,3,1.6000000000000014,0.733333333333334,1.6000000000000003,0.7333333333333335,0.8000000000000002,1.2079984322790094,0.1298502727441614,-1,P1,Lower incident(0.80); System-wide(0.20),Upper incident(0.80); System-wide(0.20),Lower incident(0.80); System-wide(0.20),Lower incident(0.50); Shortcut incident(0.30); System-wide(0.20),1537.5934711417237,2137.7378870119674,2137.7378870119674,Lower incident(0.94); System-wide(1.00)
Expectation-only,0.84,0.84,0.84,False,0.0,0.0,0.024330602869699756,0.14659132790826349,0.8290780692220381,0.02433069641145897,0.14659090125553118,0.8290784023330099,0.024330602869699756,0.14659132790826349,0.8290780692220381,0.02433069641145897,0.14659090125553118,0.8290784023330099,24.102211636253173,24.102211623342647,3,3,3,1.5000000000000013,0.7500000000000006,0.0,0.0,0.0,8.533054633885761e-07,1.9404475460645393e-07,0,P1,Lower incident(0.38); Shortcut incident(0.37); System-wide(0.25),Upper incident(0.75); System-wide(0.25),Lower incident(0.75); System-wide(0.25),Lower incident(0.38); Shortcut incident(0.37); System-wide(0.25),1367.4625369565679,2465.1560761155292,1367.4625369565679,Lower incident(0.35); Shortcut incident(1.00); System-wide(1.00)
Mean-CVaR,0.84,0.84,0.84,False,0.2,1.2499999999999998,0.016703987054916387,0.16510177288652791,0.8181942400585553,0.12064987894328624,0.249353576609442,0.6299965444472717,0.016703987054916387,0.16510177288652791,0.8181942400585553,0.12064987894328624,0.249353576609442,0.6299965444472717,27.28280135710059,26.482816249038805,3,3,3,1.5000000000000013,0.7500000000000006,0.3000000000000002,0.15000000000000008,0.1500000000000001,0.3763953912225676,0.025427429657096344,0,P1,Lower incident(0.38); Shortcut incident(0.37); System-wide(0.25),Upper incident(0.75); System-wide(0.25),Lower incident(0.75); System-wide(0.25),Lower incident(0.38); Shortcut incident(0.37); System-wide(0.25),1431.8128494797056,2361.8588894974764,1617.8220574832599,Lower incident(0.35); Shortcut incident(1.00); System-wide(1.00)
Mean-CVaR,0.84,0.84,0.84,False,0.4,2.4999999999999996,0.010587277970023883,0.18378611422172494,0.8056266078082512,0.2569513053696697,0.36995640229994875,0.3730922923303816,0.010587277970023883,0.18378611422172494,0.8056266078082512,0.2569513053696697,0.36995640229994875,0.3730922923303816,30.455305956121045,27.510291511556225,3,3,3,1.5000000000000013,1.0000000000000009,0.6000000000000005,0.40000000000000036,0.30000000000000027,0.8650686309557392,0.08301796143204611,0,P2,Upper incident(0.38); Shortcut incident(0.37); System-wide(0.25),Upper incident(0.75); System-wide(0.25),Lower incident(0.75); System-wide(0.25),Lower incident(0.38); Shortcut incident(0.37); System-wide(0.25),1520.7046207982842,2233.5406961583517,1805.8390509423111,Upper incident(0.33); Shortcut incident(1.00); System-wide(1.00)
Mean-CVaR,0.84,0.84,0.84,False,0.6,3.749999999999999,0.005684405124687268,0.20242484590243026,0.7918907489728786,0.2774429404322437,0.40165640731399915,0.3209006522537571,0.005684405124687268,0.20242484590243026,0.7918907489728786,0.2774429404322437,0.40165640731399915,0.3209006522537571,33.61895949546741,29.667455686541814,3,3,3,1.5000000000000013,0.7500000000000006,0.9000000000000007,0.45000000000000023,0.45000000000000034,0.941980193438247,0.0924918858571662,0,P1,Lower incident(0.38); Shortcut incident(0.37); System-wide(0.25),Upper incident(0.75); System-wide(0.25),Lower incident(0.75); System-wide(0.25),Lower incident(0.38); Shortcut incident(0.37); System-wide(0.25),1537.5934711417235,2210.972105195769,1941.620651574151,Lower incident(0.35); Shortcut incident(1.00); System-wide(1.00)
Mean-CVaR,0.84,0.84,0.84,False,0.8,4.999999999999999,0.0017662606043515106,0.22083435291600062,0.7773993864796486,0.2774429404322438,0.40165640731399915,0.320900652253757,0.0017662606043515106,0.22083435291600062,0.7773993864796486,0.2774429404322438,0.40165640731399915,0.320900652253757,36.773737297547626,28.37283013732162,3,3,3,1.5000000000000018,1.000000000000001,1.2000000000000008,0.8000000000000004,0.6000000000000004,0.9129974684517824,0.08747206699284862,0,P2,Upper incident(0.75); System-wide(0.25),Upper incident(0.75); System-wide(0.25),Lower incident(0.75); System-wide(0.25),Lower incident(0.38); Shortcut incident(0.37); System-wide(0.25),1537.5934711417235,2210.9721051957713,2076.296378384962,Upper incident(0.67); System-wide(1.00)
CVaR-only,0.84,0.84,0.84,False,1.0,6.249999999999999,0.0,0.2385681987446846,0.7614318012553137,0.27744294043224355,0.4016564073139991,0.32090065225375736,0.0,0.2385681987446846,0.7614318012553137,0.27744294043224355,0.4016564073139991,0.32090065225375736,39.90848758631002,30.858560453673064,3,2,3,1.5000000000000013,0.7500000000000006,1.5000000000000007,0.7500000000000003,0.7500000000000003,0.8810622980031144,0.08322419979170229,-1,P1,Lower incident(0.38); Shortcut incident(0.37); System-wide(0.25),Upper incident(0.75); System-wide(0.25),Lower incident(0.75); System-wide(0.25),Lower incident(0.38); Shortcut incident(0.37); System-wide(0.25),1537.5934711417235,2210.9721051957695,2210.9721051957695,Lower incident(0.35); Shortcut incident(1.00); System-wide(1.00)
Expectation-only,0.88,0.88,0.88,False,0.0,0.0,0.024330602869699756,0.14659132790826349,0.8290780692220381,0.02433069641145897,0.14659090125553118,0.8290784023330099,0.024330602869699756,0.14659132790826349,0.8290780692220381,0.02433069641145897,0.14659090125553118,0.8290784023330099,24.102211636253173,24.102211623342647,3,3,3,1.333333333333335,0.7777777777777786,0.0,0.0,0.0,8.533054633885761e-07,1.9404475460645393e-07,0,P1,Lower incident(0.17); Shortcut incident(0.50); System-wide(0.33),Upper incident(0.67); System-wide(0.33),Lower incident(0.67); System-wide(0.33),Lower incident(0.17); Shortcut incident(0.50); System-wide(0.33),1367.4625369565679,2769.2445660642534,1367.4625369565679,Lower incident(0.12); Shortcut incident(1.00); System-wide(1.00)
Mean-CVaR,0.88,0.88,0.88,False,0.2,1.6666666666666667,0.031655623799550184,0.2360301722189196,0.7323142039815316,0.13045867191522875,0.38107793042560395,0.48846339765916724,0.031655623799550184,0.2360301722189196,0.7323142039815316,0.13045867191522875,0.38107793042560395,0.48846339765916724,27.96859045646756,26.951586584715457,3,3,3,1.333333333333335,0.7777777777777786,0.2666666666666673,0.1555555555555558,0.13333333333333364,0.4877016126447272,0.03518189592094789,0,P1,Lower incident(0.17); Shortcut incident(0.50); System-wide(0.33),Upper incident(0.67); System-wide(0.33),Lower incident(0.67); System-wide(0.33),Lower incident(0.17); Shortcut incident(0.50); System-wide(0.33),1466.5757950774396,2480.440548814144,1669.3487458247807,Lower incident(0.12); Shortcut incident(1.00); System-wide(1.00)
Mean-CVaR,0.88,0.88,0.88,False,0.4,3.3333333333333335,0.03711106553364181,0.3416148585816727,0.6212740758846861,0.2774429404322438,0.40165640731399915,0.320900652253757,0.03711106553364181,0.3416148585816727,0.6212740758846861,0.2774429404322438,0.40165640731399915,0.320900652253757,31.71623493824825,27.12846502145188,3,3,3,1.3333333333333355,0.8888888888888902,0.5333333333333343,0.3555555555555561,0.26666666666666716,0.6007468472618577,0.059754056290705966,0,P2,Upper incident(0.67); System-wide(0.33),Upper incident(0.67); System-wide(0.33),Lower incident(0.67); System-wide(0.33),Lower incident(0.17); Shortcut incident(0.50); System-wide(0.33),1537.5934711417235,2333.029135502111,1855.7677368858785,Upper incident(0.44); System-wide(1.00)
Mean-CVaR,0.88,0.88,0.88,False,0.6,5.0,0.04142226073278209,0.44615250456065925,0.5124252347065621,0.2774429404322439,0.401656407313999,0.3209006522537572,0.04142226073278209,0.44615250456065925,0.5124252347065621,0.2774429404322439,0.401656407313999,0.3209006522537572,35.40913644863906,28.671878415530067,3,3,3,1.3333333333333337,0.8888888888888896,0.8000000000000004,0.5333333333333339,0.4000000000000002,0.4720413593989269,0.04025648827989586,0,P2,Upper incident(0.67); System-wide(0.33),Upper incident(0.67); System-wide(0.33),Lower incident(0.67); System-wide(0.33),Lower incident(0.17); Shortcut incident(0.50); System-wide(0.33),1537.5934711417235,2333.0291355021077,2014.854869757954,Upper incident(0.44); System-wide(1.00)
Mean-CVaR,0.88,0.88,0.88,False,0.8,6.666666666666667,0.04601608271841211,0.5327376244998201,0.42124629278177117,0.27744294043224377,0.4016564073139993,0.32090065225375697,0.04601608271841211,0.5327376244998201,0.42124629278177117,0.27744294043224377,0.4016564073139993,0.32090065225375697,39.10498549129832,31.070756378633128,3,3,3,1.3333333333333355,0.7777777777777786,1.066666666666668,0.6222222222222228,0.533333333333334,0.46285371542766673,0.03854212574974554,0,P1,Lower incident(0.67); System-wide(0.33),Upper incident(0.67); System-wide(0.33),Lower incident(0.67); System-wide(0.33),Lower incident(0.17); Shortcut incident(0.50); System-wide(0.33),1537.5934711417237,2333.0291355021095,2173.942002630032,Lower incident(0.47); System-wide(1.00)
CVaR-only,0.88,0.88,0.88,False,1.0,8.333333333333334,0.05167664079696991,0.5978771165475626,0.350446242655469,0.2774429404322437,0.4016564073139991,0.32090065225375713,0.05167664079696991,0.5978771165475626,0.350446242655469,0.2774429404322437,0.4016564073139991,0.32090065225375713,42.82294972575244,32.21031193869702,3,3,3,1.333333333333335,0.7777777777777786,1.3333333333333344,0.7777777777777781,0.6666666666666672,0.4515325992705492,0.04683372789880652,0,P1,Lower incident(0.17); Shortcut incident(0.50); System-wide(0.33),Upper incident(0.67); System-wide(0.33),Lower incident(0.67); System-wide(0.33),Lower incident(0.17); Shortcut incident(0.50); System-wide(0.33),1537.5934711417235,2333.029135502108,2333.029135502108,Lower incident(0.12); Shortcut incident(1.00); System-wide(1.00)
Expectation-only,0.92,0.92,0.92,False,0.0,0.0,0.024330602869699756,0.14659132790826349,0.8290780692220381,0.02433069641145897,0.14659090125553118,0.8290784023330099,0.024330602869699756,0.14659132790826349,0.8290780692220381,0.02433069641145897,0.14659090125553118,0.8290784023330099,24.102211636253173,24.102211623342647,3,3,3,1.0000000000000013,0.6666666666666671,0.0,0.0,0.0,8.533054633885761e-07,1.9404475460645393e-07,0,P1,Shortcut incident(0.50); System-wide(0.50),Upper incident(0.50); System-wide(0.50),Lower incident(0.50); System-wide(0.50),Shortcut incident(0.50); System-wide(0.50),1367.4625369565679,3100.1089339445243,1367.4625369565679,Shortcut incident(0.67); System-wide(1.00)
Mean-CVaR,0.92,0.92,0.92,False,0.2,2.5000000000000013,0.052504958599188065,0.30121272273071453,0.6462823186700959,0.12517143959737584,0.4596100741316319,0.4152184862709922,0.052504958599188065,0.30121272273071453,0.6462823186700959,0.12517143959737584,0.4596100741316319,0.4152184862709922,28.633348432383286,27.64101962569395,3,3,3,1.0000000000000013,0.6666666666666671,0.2000000000000006,0.1333333333333336,0.1000000000000003,0.4621276647982088,0.035122606833163116,0,P1,Shortcut incident(0.50); System-wide(0.50),Upper incident(0.50); System-wide(0.50),Lower incident(0.50); System-wide(0.50),Shortcut incident(0.50); System-wide(0.50),1482.8541962865513,2664.775207712158,1719.2383985716729,Shortcut incident(0.67); System-wide(1.00)
Mean-CVaR,0.92,0.92,0.92,False,0.4,5.000000000000003,0.08384743884298738,0.47377565976633756,0.4423769013906795,0.2554452946513931,0.41405391982803347,0.33050078552057355,0.08384743884298738,0.47377565976633756,0.4423769013906795,0.2554452946513931,0.41405391982803347,0.33050078552057355,32.868430242428744,29.817857201816736,3,3,3,1.0000000000000013,0.6666666666666671,0.400000000000001,0.2666666666666671,0.2000000000000005,0.3431957116168158,0.023071302039350802,0,P1,Shortcut incident(0.50); System-wide(0.50),Upper incident(0.50); System-wide(0.50),Lower incident(0.50); System-wide(0.50),Shortcut incident(0.50); System-wide(0.50),1530.3991623697289,2585.029813586694,1952.251422856515,Shortcut incident(0.67); System-wide(1.00)
Mean-CVaR,0.92,0.92,0.92,False,0.6,7.5000000000000036,0.1189188181079683,0.5978773683694789,0.28320381352255003,0.27744294043224377,0.40165640731399915,0.3209006522537571,0.1189188181079683,0.5978773683694789,0.28320381352255003,0.27744294043224377,0.40165640731399915,0.3209006522537571,36.983616476994115,31.57646665575801,3,3,3,1.0000000000000013,0.6666666666666671,0.6000000000000012,0.4000000000000005,0.3000000000000006,0.39244192211096224,0.039107051997357874,0,P1,Shortcut incident(0.50); System-wide(0.50),Upper incident(0.50); System-wide(0.50),Lower incident(0.50); System-wide(0.50),Shortcut incident(0.50); System-wide(0.50),1537.5934711417235,2577.1431961147855,2161.3233061255605,Shortcut incident(0.67); System-wide(1.00)
Mean-CVaR,0.92,0.92,0.92,False,0.8,10.000000000000005,0.15586538602232097,0.6709497117045831,0.17318490227309893,0.27744294043224366,0.40165640731399915,0.3209006522537571,0.15586538602232097,0.6709497117045831,0.17318490227309893,0.27744294043224366,0.40165640731399915,0.3209006522537571,41.01547284038223,33.22147607291903,3,3,3,1.0000000000000013,0.6666666666666671,0.8000000000000016,0.533333333333334,0.4000000000000008,0.5385866087811648,0.05076655498380184,0,P1,Shortcut incident(0.50); System-wide(0.50),Upper incident(0.50); System-wide(0.50),Lower incident(0.50); System-wide(0.50),Shortcut incident(0.50); System-wide(0.50),1537.5934711417235,2577.1431961147855,2369.233251120173,Shortcut incident(0.67); System-wide(1.00)
CVaR-only,0.92,0.92,0.92,False,1.0,12.500000000000007,0.18879481285407448,0.712797743606303,0.09840744353961928,0.2774429404322437,0.40165640731399915,0.32090065225375713,0.18879481285407448,0.712797743606303,0.09840744353961928,0.2774429404322437,0.40165640731399915,0.32090065225375713,44.95721500986805,34.8495385788888,3,3,3,1.0000000000000013,0.6666666666666671,1.0000000000000018,0.6666666666666674,0.5000000000000009,0.6222826725846109,0.06037869092229813,0,P1,Shortcut incident(0.50); System-wide(0.50),Upper incident(0.50); System-wide(0.50),Lower incident(0.50); System-wide(0.50),Shortcut incident(0.50); System-wide(0.50),1537.5934711417237,2577.1431961147855,2577.1431961147855,Shortcut incident(0.67); System-wide(1.00)
Expectation-only,0.96,0.96,0.96,False,0.0,0.0,0.024330602869699756,0.14659132790826349,0.8290780692220381,0.02433069641145897,0.14659090125553118,0.8290784023330099,0.024330602869699756,0.14659132790826349,0.8290780692220381,0.02433069641145897,0.14659090125553118,0.8290784023330099,24.102211636253173,24.102211623342647,3,3,3,5.551115123125777e-15,2.7755575615628886e-15,0.0,0.0,0.0,8.533054633885761e-07,1.9404475460645393e-07,0,P1,System-wide(1.00),System-wide(1.00),System-wide(1.00),System-wide(1.00),1367.4625369565679,3538.076813550989,1367.4625369565679,System-wide(1.00)
Mean-CVaR,0.96,0.96,0.96,False,0.2,4.999999999999996,0.08675310572133868,0.2975138904543287,0.6157330038243316,0.08675302889109197,0.2975130940099838,0.6157338770989241,0.08675310572133868,0.2975138904543287,0.6157330038243316,0.08675302889109197,0.2975130940099838,0.6157338770989241,29.45114923328309,29.45114966148077,3,3,3,5.551115123125777e-15,2.7755575615628886e-15,1.915134717478395e-15,9.413766062967473e-16,9.575673587391975e-16,1.7465491841228698e-06,1.6231244059321255e-07,0,P1,System-wide(1.00),System-wide(1.00),System-wide(1.00),System-wide(1.00),1428.13760727924,3435.144942022332,1829.5390742278585,System-wide(1.00)
Mean-CVaR,0.96,0.96,0.96,False,0.4,9.999999999999991,0.17440925677720204,0.4481065775312854,0.3774841656915133,0.1744093048060068,0.44810618718548556,0.3774845080085077,0.17440925677720204,0.4481065775312854,0.3774841656915133,0.1744093048060068,0.44810618718548556,0.3774845080085077,34.20938031426299,34.20937989226873,3,3,3,5.551115123125777e-15,2.7755575615628886e-15,3.9343528435153985e-15,1.9729588333442885e-15,1.9671764217576992e-15,7.806915990116181e-07,5.560232015665348e-08,0,P1,System-wide(1.00),System-wide(1.00),System-wide(1.00),System-wide(1.00),1501.880457748669,3329.701175111468,2233.0087446937887,System-wide(1.00)
Mean-CVaR,0.96,0.96,0.96,False,0.6,14.999999999999986,0.25969577599469507,0.5397778492168341,0.20052637478846966,0.2596926829412364,0.5397737056408349,0.2005336114179288,0.25969577599469507,0.5397778492168341,0.20052637478846966,0.2596926829412364,0.5397737056408349,0.2005336114179288,38.66868636238385,38.66868433236952,3,3,3,8.326672684688666e-15,3.7007434154171856e-15,6.536438057480609e-15,3.1676050671336498e-15,3.2682190287403046e-15,1.4473258917080401e-05,6.207636016278871e-07,0,P1,System-wide(1.00),System-wide(1.00),System-wide(1.00),System-wide(1.00),1562.7190188748825,3259.895527221579,2581.0249238829006,System-wide(1.00)
Mean-CVaR,0.96,0.96,0.96,False,0.8,19.999999999999982,0.3216566245986447,0.584797370350819,0.09354600505054082,0.32165674676603817,0.5847976179341992,0.0935456352997625,0.3216566245986447,0.584797370350819,0.09354600505054082,0.32165674676603817,0.5847976179341992,0.0935456352997625,43.015494583309476,43.01549540929828,3,3,3,8.326672684688666e-15,3.7007434154171856e-15,8.694434061595757e-15,4.317148490547614e-15,4.3472170307978786e-15,7.395015519717774e-07,1.675617562320202e-07,0,P1,System-wide(1.00),System-wide(1.00),System-wide(1.00),System-wide(1.00),1602.826989588627,3222.67689035911,2898.7069102050136,System-wide(1.00)
CVaR-only,0.96,0.96,0.96,False,1.0,24.99999999999998,0.3597582319764011,0.6041609697883725,0.03608079823522953,0.3597582595701413,0.604160795503131,0.036080944926727775,0.3597582319764011,0.6041609697883725,0.03608079823522953,0.3597582595701413,0.604160795503131,0.036080944926727775,47.28370831935197,47.283707490518594,3,3,3,8.326672684688666e-15,3.7007434154171856e-15,1.0991207943789012e-14,5.514107688971596e-15,5.495603971894506e-15,3.4857048004655055e-07,2.4046302470440957e-08,0,P1,System-wide(1.00),System-wide(1.00),System-wide(1.00),System-wide(1.00),1625.944295661503,3204.90705327924,3204.90705327924,System-wide(1.00)
