Parameterization,Instance,PathSet,Model,RiskCase,alpha,alpha_requested,alpha_used,alpha_is_limit,lambda,eta,tail_hinge_coeff,pi_od,pi_A,pi_B,f1_A_over_q,f2_A_over_q,f3_A_over_q,f1_B_over_q,f2_B_over_q,f3_B_over_q,ActiveCount,Iterations,Residual,CPUSeconds,MeanPotential,CVaRPotential,CEPotential,EntropyOverTheta,ModelBObjectiveAtFlow,SystemTailSelector,Path1,f1,P1,g1,Path2,f2,P2,g2,Path3,f3,P3,g3,Gap_A
direct-eta,Route-local tail Braess,Base-3 paths,Model A,Expectation-only,0.8,0.8,0.8,False,,0.0,0.0,24.102211636253173,24.102211636253173,24.102211623342647,0.024330602869699756,0.14659132790826349,0.8290780692220381,0.02433069641145897,0.14659090125553118,0.8290784023330099,3,2,5.3944404498906806e-11,0.009739292319864035,1367.462592694007,2282.703018085834,1367.462592694007,398.28703668711967,1765.7496293811269,Lower incident(0.59); Shortcut incident(1.00); System-wide(1.00),P1: A→B→D,1.9464482295759804,0.024330602869699756,22.301210877921065,P2: A→C→D,11.727306232661078,0.14659132790826349,19.862628665630346,P3: A→B→C→D,66.32624553776304,0.8290780692220381,17.086294738083552,1.6500464033227836e-15
direct-eta,Route-local tail Braess,Base-3 paths,Model B,Expectation-only,0.8,0.8,0.8,False,,0.0,0.0,24.102211623342647,24.102211636253173,24.102211623342647,0.024330602869699756,0.14659132790826349,0.8290780692220381,0.02433069641145897,0.14659090125553118,0.8290784023330099,3,18,,0.0232725003734231,1367.4625369565679,2282.702982146295,1367.4625369565679,398.287092424662,1765.7496293812299,Lower incident(0.59); Shortcut incident(1.00); System-wide(1.00),P1: A→B→D,1.9464557129167177,0.02433069641145897,22.3012109996089,P2: A→C→D,11.727272100442494,0.14659090125553118,19.862628438354438,P3: A→B→C→D,66.3262721866408,0.8290784023330099,17.086294759805984,
direct-eta,Route-local tail Braess,Base-3 paths,Model A,Mean-CVaR,0.8,0.8,0.8,False,,0.2,1.0000000000000002,26.83075821474707,26.83075821474707,26.150593618109,0.009754000554084808,0.1295586544080347,0.8606873450378799,0.11113173317110467,0.18301326662774248,0.7058550002011529,3,7,7.156370385175137e-09,0.011691207997500896,1357.6361259819664,2292.4961978233373,1544.6081403502408,408.80435159122754,1953.4124919414683,Lower incident(0.59); Shortcut incident(1.00); System-wide(1.00),P1: A→B→D,0.7803200443267846,0.009754000554084808,25.869436300871296,P2: A→C→D,10.364692352642777,0.1295586544080347,22.779905902715328,P3: A→B→C→D,68.8549876030304,0.8606873450378799,19.753389068688307,2.3293655429867093e-14
direct-eta,Route-local tail Braess,Base-3 paths,Model B,Mean-CVaR,0.8,0.8,0.8,False,,0.2,1.0000000000000002,26.150593618109,26.83075821474707,26.150593618109,0.009754000554084808,0.1295586544080347,0.8606873450378799,0.11113173317110467,0.18301326662774248,0.7058550002011529,3,91,,0.12375783268362284,1412.6010459204062,2230.4997961821914,1576.1807959727632,364.1571697499061,1940.3379657226692,Lower incident(0.59); Shortcut incident(1.00); System-wide(1.00),P1: A→B→D,8.890538653688374,0.11113173317110467,22.33127056284928,P2: A→C→D,14.641061330219399,0.18301326662774248,21.567351207632733,P3: A→B→C→D,56.46840001609223,0.7058550002011529,19.39856006589845,
direct-eta,Route-local tail Braess,Base-3 paths,Model A,Mean-CVaR,0.8,0.8,0.8,False,,0.4,2.0000000000000004,29.555118750207065,29.555118750207065,26.954435910197667,0.0008899325047070543,0.11391712545158275,0.8851929420437085,0.1959065994490799,0.2755089325047751,0.5285844680461449,3,10,2.6117379370305116e-09,0.015716792084276676,1350.5381374503372,2298.870408923896,1729.8710460397606,417.3681459236057,2147.2391919633665,Lower incident(0.59); Shortcut incident(1.00); System-wide(1.00),P1: A→B→D,0.07119460037656435,0.0008899325047070543,29.440494625776687,P2: A→C→D,9.11337003612662,0.11391712545158275,25.698688226215957,P3: A→B→C→D,70.81543536349668,0.8851929420437085,22.43161969994479,4.998471141241215e-15
direct-eta,Route-local tail Braess,Base-3 paths,Model B,Mean-CVaR,0.8,0.8,0.8,False,,0.4,2.0000000000000004,26.954435910197667,29.555118750207065,26.954435910197667,0.0008899325047070543,0.11391712545158275,0.8851929420437085,0.1959065994490799,0.2755089325047751,0.5285844680461449,3,33,,0.0387962912209332,1471.1070519328296,2181.6753764946757,1755.334381757568,337.15862952297726,2092.4930112805455,Upper incident(0.56); Shortcut incident(1.00); System-wide(1.00),P1: A→B→D,15.672527955926391,0.1959065994490799,26.751408254121543,P2: A→C→D,22.040714600382007,0.2755089325047751,20.244428684518915,P3: A→B→C→D,42.28675744369159,0.5285844680461449,21.534957053516052,
direct-eta,Route-local tail Braess,Base-3 paths,Model A,Mean-CVaR,0.8,0.8,0.8,False,,0.6,3.0000000000000004,32.2438380400324,32.2438380400324,28.999945298354348,0.0,0.09923840256852531,0.9007615974314754,0.26604738094749525,0.3840270374713694,0.3499255815811354,2,23,3.443143754633423e-08,0.03479195898398757,1346.9568221271988,2300.297711427163,1918.9613557071775,421.8438811708877,2340.8052368780654,Lower incident(0.59); Shortcut incident(1.00); System-wide(1.00),P1: A→B→D,0.0,0.0,33.01441002289595,P2: A→C→D,7.939072205482025,0.09923840256852531,28.59311836727829,P3: A→B→C→D,72.06092779451804,0.9007615974314754,25.091681839427647,3.917460189396015e-13
direct-eta,Route-local tail Braess,Base-3 paths,Model B,Mean-CVaR,0.8,0.8,0.8,False,,0.6,3.0000000000000004,28.999945298354348,32.2438380400324,28.999945298354348,0.0,0.09923840256852531,0.9007615974314754,0.26604738094749525,0.3840270374713694,0.3499255815811354,3,29,,0.03661541687324643,1528.1848929892399,2143.642489366775,1897.459450815761,327.42557732044156,2224.885028136203,Lower incident(0.59); Shortcut incident(1.00); System-wide(1.00),P1: A→B→D,21.28379047579962,0.26604738094749525,22.432541400448045,P2: A→C→D,30.722162997709553,0.3840270374713694,25.04607010996741,P3: A→B→C→D,27.99404652649083,0.3499255815811354,23.938779773610264,
direct-eta,Route-local tail Braess,Base-3 paths,Model A,Mean-CVaR,0.8,0.8,0.8,False,,0.8,4.000000000000001,34.930442988322426,34.930442988322426,27.34850393253692,0.0,0.08635260863532432,0.9136473913646743,0.2774429404322438,0.40165640731399915,0.320900652253757,2,23,4.5100589378121416e-08,0.03448512498289347,1344.1451273842367,2301.098377046654,2109.7077271141707,425.5685597895722,2535.276286903743,Lower incident(0.59); Shortcut incident(1.00); System-wide(1.00),P1: A→B→D,0.0,0.0,36.59039612124145,P2: A→C→D,6.908208690825946,0.08635260863532432,31.483940830328216,P3: A→B→C→D,73.09179130917394,0.9136473913646743,27.75493507563578,-8.133748047467683e-16
direct-eta,Route-local tail Braess,Base-3 paths,Model B,Mean-CVaR,0.8,0.8,0.8,False,,0.8,4.000000000000001,27.34850393253692,34.930442988322426,27.34850393253692,0.0,0.08635260863532432,0.9136473913646743,0.2774429404322438,0.40165640731399915,0.320900652253757,3,28,,0.03321158280596137,1537.5934711417235,2137.737887011968,2017.709003837919,327.4784335386774,2345.1874373765963,Upper incident(0.89); System-wide(1.00),P1: A→B→D,22.195435234579506,0.2774429404322438,36.75080998406843,P2: A→C→D,32.13251258511993,0.40165640731399915,20.91919109570766,P3: A→B→C→D,25.67205218030056,0.320900652253757,21.439721951579173,
direct-eta,Route-local tail Braess,Base-3 paths,Model A,CVaR-only,0.8,0.8,0.8,False,,1.0,5.000000000000001,37.61989830273474,37.61989830273474,29.00565509740646,0.0,0.07510013160673666,0.9248998683932601,0.2774429404322437,0.40165640731399926,0.3209006522537572,2,29,1.8271937563393422e-07,0.040433499962091446,1341.6987018216,2301.826066272784,2301.826066272784,429.02331162528327,2730.8493778980674,Lower incident(0.59); Shortcut incident(1.00); System-wide(1.00),P1: A→B→D,0.0,0.0,40.16805873120605,P2: A→C→D,6.008010528538933,0.07510013160673666,34.37480854274646,P3: A→B→C→D,73.99198947146081,0.9248998683932601,30.424262801426668,1.548858014067814e-12
direct-eta,Route-local tail Braess,Base-3 paths,Model B,CVaR-only,0.8,0.8,0.8,False,,1.0,5.000000000000001,29.00565509740646,37.61989830273474,29.00565509740646,0.0,0.07510013160673666,0.9248998683932601,0.2774429404322437,0.40165640731399926,0.3209006522537572,3,24,,0.02756391605362296,1537.5934711417237,2137.7378870119674,2137.7378870119674,327.47843353867745,2465.216320550645,Lower incident(0.94); System-wide(1.00),P1: A→B→D,22.195435234579495,0.2774429404322437,22.61477229273249,P2: A→C→D,32.13251258511994,0.40165640731399926,33.3725221395507,P3: A→B→C→D,25.672052180300575,0.3209006522537572,23.0457480873698,
direct-eta,Route-local tail Braess,Base-3 paths,Model A,Expectation-only,0.84,0.84,0.84,False,,0.0,0.0,24.102211636253173,24.102211636253173,24.102211623342647,0.024330602869699756,0.14659132790826349,0.8290780692220381,0.02433069641145897,0.14659090125553118,0.8290784023330099,3,2,5.3944404498906806e-11,0.0039446670562028885,1367.462592694007,2465.15600095822,1367.462592694007,398.28703668711967,1765.7496293811269,Lower incident(0.35); Shortcut incident(1.00); System-wide(1.00),P1: A→B→D,1.9464482295759804,0.024330602869699756,22.301210877921065,P2: A→C→D,11.727306232661078,0.14659132790826349,19.862628665630346,P3: A→B→C→D,66.32624553776304,0.8290780692220381,17.086294738083552,1.6500464033227836e-15
direct-eta,Route-local tail Braess,Base-3 paths,Model B,Expectation-only,0.84,0.84,0.84,False,,0.0,0.0,24.102211623342647,24.102211636253173,24.102211623342647,0.024330602869699756,0.14659132790826349,0.8290780692220381,0.02433069641145897,0.14659090125553118,0.8290784023330099,3,18,,0.022652124986052513,1367.4625369565679,2465.1560761155292,1367.4625369565679,398.287092424662,1765.7496293812299,Lower incident(0.35); Shortcut incident(1.00); System-wide(1.00),P1: A→B→D,1.9464557129167177,0.02433069641145897,22.3012109996089,P2: A→C→D,11.727272100442494,0.14659090125553118,19.862628438354438,P3: A→B→C→D,66.3262721866408,0.8290784023330099,17.086294759805984,
direct-eta,Route-local tail Braess,Base-3 paths,Model A,Mean-CVaR,0.84,0.84,0.84,False,,0.2,1.2499999999999998,27.28280135710059,27.28280135710059,26.482816249038805,0.016703987054916387,0.16510177288652791,0.8181942400585553,0.12064987894328624,0.249353576609442,0.6299965444472717,3,7,3.9612757518625585e-12,0.011194874998182058,1368.4033910741841,2464.616482101555,1587.6460092796585,397.6186676054896,1985.2646768851482,Lower incident(0.35); Shortcut incident(1.00); System-wide(1.00),P1: A→B→D,1.3363189643933109,0.016703987054916387,25.86850702606488,P2: A→C→D,13.208141830922234,0.16510177288652791,22.85977607598529,P3: A→B→C→D,65.45553920468443,0.8181942400585553,20.288579455980486,-2.0825349431806438e-16
direct-eta,Route-local tail Braess,Base-3 paths,Model B,Mean-CVaR,0.84,0.84,0.84,False,,0.2,1.2499999999999998,26.482816249038805,27.28280135710059,26.482816249038805,0.016703987054916387,0.16510177288652791,0.8181942400585553,0.12064987894328624,0.249353576609442,0.6299965444472717,3,65,,0.08218683302402496,1431.8128494797056,2361.8588894974764,1617.8220574832599,352.36970850079183,1970.1917659840517,Lower incident(0.35); Shortcut incident(1.00); System-wide(1.00),P1: A→B→D,9.6519903154629,0.12064987894328624,22.539903782313473,P2: A→C→D,19.94828612875536,0.249353576609442,21.412731851968765,P3: A→B→C→D,50.39972355578173,0.6299965444472717,19.916757631818726,
direct-eta,Route-local tail Braess,Base-3 paths,Model A,Mean-CVaR,0.84,0.84,0.84,False,,0.4,2.4999999999999996,30.455305956121045,30.455305956121045,27.510291511556225,0.010587277970023883,0.18378611422172494,0.8056266078082512,0.2569513053696697,0.36995640229994875,0.3730922923303816,3,9,1.4210854715202004e-14,0.014311500359326601,1370.0323358563712,2462.935109683626,1807.1934453872732,396.73734551186993,2203.930790899143,Lower incident(0.35); Shortcut incident(1.00); System-wide(1.00),P1: A→B→D,0.8469822376019106,0.010587277970023883,29.43271748232165,P2: A→C→D,14.702889137737996,0.18378611422172494,25.86556476122712,P3: A→B→C→D,64.4501286246601,0.8056266078082512,23.486491860138667,0.0
direct-eta,Route-local tail Braess,Base-3 paths,Model B,Mean-CVaR,0.84,0.84,0.84,False,,0.4,2.4999999999999996,27.510291511556225,30.455305956121045,27.510291511556225,0.010587277970023883,0.18378611422172494,0.8056266078082512,0.2569513053696697,0.36995640229994875,0.3730922923303816,3,42,,0.05036912485957146,1520.7046207982842,2233.5406961583517,1805.8390509423111,327.7265123199656,2133.5655632622766,Upper incident(0.33); Shortcut incident(1.00); System-wide(1.00),P1: A→B→D,20.556104429573576,0.2569513053696697,26.157409175382682,P2: A→C→D,29.5965121839959,0.36995640229994875,20.649058520451042,P3: A→B→C→D,29.84738338643053,0.3730922923303816,22.56908684098822,
direct-eta,Route-local tail Braess,Base-3 paths,Model A,Mean-CVaR,0.84,0.84,0.84,False,,0.6,3.749999999999999,33.61895949546741,33.61895949546741,29.667455686541814,0.005684405124687268,0.20242484590243026,0.7918907489728786,0.2774429404322437,0.40165640731399915,0.3209006522537571,3,10,9.947598300641403e-14,0.015341541729867458,1372.1739066338935,2460.4054418991655,2025.1128277930566,395.7270118731559,2420.8398396662124,Lower incident(0.35); Shortcut incident(1.00); System-wide(1.00),P1: A→B→D,0.45475240997498145,0.005684405124687268,32.994233293503896,P2: A→C→D,16.19398767219442,0.20242484590243026,28.87802654751907,P3: A→B→C→D,63.35125991783029,0.7918907489728786,26.678365307145526,-3.718408994728052e-15
direct-eta,Route-local tail Braess,Base-3 paths,Model B,Mean-CVaR,0.84,0.84,0.84,False,,0.6,3.749999999999999,29.667455686541814,33.61895949546741,29.667455686541814,0.005684405124687268,0.20242484590243026,0.7918907489728786,0.2774429404322437,0.40165640731399915,0.3209006522537571,3,26,,0.028444624971598387,1537.5934711417235,2210.972105195769,1941.620651574151,327.4784335386774,2269.0990851128286,Lower incident(0.35); Shortcut incident(1.00); System-wide(1.00),P1: A→B→D,22.1954352345795,0.2774429404322437,23.122152049058112,P2: A→C→D,32.13251258511993,0.40165640731399915,24.60157643162459,P3: A→B→C→D,25.672052180300568,0.3209006522537571,25.620096540415684,
direct-eta,Route-local tail Braess,Base-3 paths,Model A,Mean-CVaR,0.84,0.84,0.84,False,,0.8,4.999999999999999,36.773737297547626,36.773737297547626,28.37283013732162,0.0017662606043515106,0.22083435291600062,0.7773993864796486,0.2774429404322438,0.40165640731399915,0.320900652253757,3,11,1.1368683772161603e-13,0.01753637520596385,1374.6894164558657,2457.258936698346,2240.74503264985,394.6477378482313,2635.3927704980815,Lower incident(0.35); Shortcut incident(1.00); System-wide(1.00),P1: A→B→D,0.14130084834812084,0.0017662606043515106,36.5534561193901,P2: A→C→D,17.66674823328005,0.22083435291600062,31.895831011385134,P3: A→B→C→D,62.19195091837189,0.7773993864796486,29.863442407288527,7.726180092982422e-16
direct-eta,Route-local tail Braess,Base-3 paths,Model B,Mean-CVaR,0.84,0.84,0.84,False,,0.8,4.999999999999999,28.37283013732162,36.773737297547626,28.37283013732162,0.0017662606043515106,0.22083435291600062,0.7773993864796486,0.2774429404322438,0.40165640731399915,0.320900652253757,3,23,,0.026536707766354084,1537.5934711417235,2210.9721051957713,2076.296378384962,327.4784335386774,2403.7748119236394,Upper incident(0.67); System-wide(1.00),P1: A→B→D,22.195435234579506,0.2774429404322438,36.79019671594042,P2: A→C→D,32.13251258511993,0.40165640731399915,21.86306006056865,P3: A→B→C→D,25.67205218030056,0.320900652253757,22.580685052954408,
direct-eta,Route-local tail Braess,Base-3 paths,Model A,CVaR-only,0.84,0.84,0.84,False,,1.0,6.249999999999999,39.90848758631002,39.90848758631002,30.858560453673064,0.0,0.2385681987446846,0.7614318012553137,0.27744294043224355,0.4016564073139991,0.32090065225375736,2,30,9.543877208777872e-08,0.04488195804879069,1377.959380708011,2452.756155218864,2452.756155218864,392.83422264476735,2845.590377863631,Lower incident(0.35); Shortcut incident(1.00); System-wide(1.00),P1: A→B→D,0.0,0.0,40.11093816523785,P2: A→C→D,19.085455899574768,0.2385681987446846,34.90849430953717,P3: A→B→C→D,60.9145441004251,0.7614318012553137,33.03222906409979,4.972109817928728e-12
direct-eta,Route-local tail Braess,Base-3 paths,Model B,CVaR-only,0.84,0.84,0.84,False,,1.0,6.249999999999999,30.858560453673064,39.90848758631002,30.858560453673064,0.0,0.2385681987446846,0.7614318012553137,0.27744294043224355,0.4016564073139991,0.32090065225375736,3,23,,0.028150958009064198,1537.5934711417235,2210.9721051957695,2210.9721051957695,327.47843353867745,2538.450538734447,Lower incident(0.35); Shortcut incident(1.00); System-wide(1.00),P1: A→B→D,22.195435234579485,0.27744294043224355,23.632197491207307,P2: A→C→D,32.132512585119926,0.4016564073139991,27.98353737461997,P3: A→B→C→D,25.67205218030059,0.32090065225375736,31.648144880361038,
direct-eta,Route-local tail Braess,Base-3 paths,Model A,Expectation-only,0.88,0.88,0.88,False,,0.0,0.0,24.102211636253173,24.102211636253173,24.102211623342647,0.024330602869699756,0.14659132790826349,0.8290780692220381,0.02433069641145897,0.14659090125553118,0.8290784023330099,3,2,5.3944404498906806e-11,0.004014291800558567,1367.462592694007,2769.24430574553,1367.462592694007,398.28703668711967,1765.7496293811269,Lower incident(0.12); Shortcut incident(1.00); System-wide(1.00),P1: A→B→D,1.9464482295759804,0.024330602869699756,22.301210877921065,P2: A→C→D,11.727306232661078,0.14659132790826349,19.862628665630346,P3: A→B→C→D,66.32624553776304,0.8290780692220381,17.086294738083552,1.6500464033227836e-15
direct-eta,Route-local tail Braess,Base-3 paths,Model B,Expectation-only,0.88,0.88,0.88,False,,0.0,0.0,24.102211623342647,24.102211636253173,24.102211623342647,0.024330602869699756,0.14659132790826349,0.8290780692220381,0.02433069641145897,0.14659090125553118,0.8290784023330099,3,18,,0.023056624922901392,1367.4625369565679,2769.2445660642534,1367.4625369565679,398.287092424662,1765.7496293812299,Lower incident(0.12); Shortcut incident(1.00); System-wide(1.00),P1: A→B→D,1.9464557129167177,0.02433069641145897,22.3012109996089,P2: A→C→D,11.727272100442494,0.14659090125553118,19.862628438354438,P3: A→B→C→D,66.3262721866408,0.8290784023330099,17.086294759805984,
direct-eta,Route-local tail Braess,Base-3 paths,Model A,Mean-CVaR,0.88,0.88,0.88,False,,0.2,1.6666666666666667,27.96859045646756,27.96859045646756,26.951586584715457,0.031655623799550184,0.2360301722189196,0.7323142039815316,0.13045867191522875,0.38107793042560395,0.48846339765916724,3,6,2.5178961138294653e-09,0.010094374883919954,1390.6024559696436,2688.821451787645,1650.246255133244,379.0862063711594,2029.3324615044035,Lower incident(0.12); Shortcut incident(1.00); System-wide(1.00),P1: A→B→D,2.5324499039640145,0.031655623799550184,25.865271033121044,P2: A→C→D,18.882413777513566,0.2360301722189196,22.985531104404405,P3: A→B→C→D,58.58513631852252,0.7323142039815316,21.156246869235105,1.3204711344977648e-14
direct-eta,Route-local tail Braess,Base-3 paths,Model B,Mean-CVaR,0.88,0.88,0.88,False,,0.2,1.6666666666666667,26.951586584715457,27.96859045646756,26.951586584715457,0.031655623799550184,0.2360301722189196,0.7323142039815316,0.13045867191522875,0.38107793042560395,0.48846339765916724,3,56,,0.07022745767608285,1466.5757950774396,2480.440548814144,1669.3487458247807,340.6653838587404,2010.014129683521,Lower incident(0.12); Shortcut incident(1.00); System-wide(1.00),P1: A→B→D,10.4366937532183,0.13045867191522875,22.890199759570727,P2: A→C→D,30.486234434048317,0.38107793042560395,21.20217840268271,P3: A→B→C→D,39.07707181273338,0.48846339765916724,20.800372077098274,
direct-eta,Route-local tail Braess,Base-3 paths,Model A,Mean-CVaR,0.88,0.88,0.88,False,,0.4,3.3333333333333335,31.71623493824825,31.71623493824825,27.12846502145188,0.03711106553364181,0.3416148585816727,0.6212740758846861,0.2774429404322438,0.40165640731399915,0.320900652253757,3,7,3.9629464154700145e-09,0.010904166381806135,1417.086433453132,2599.24787796872,1889.951011259367,365.42457957050055,2255.3755908298676,Lower incident(0.12); Shortcut incident(1.00); System-wide(1.00),P1: A→B→D,2.9688852426913446,0.03711106553364181,29.41875950495347,P2: A→C→D,27.329188686533815,0.3416148585816727,26.143080479131157,P3: A→B→C→D,49.70192607077489,0.6212740758846861,25.172961772519603,2.1731426485298707e-13
direct-eta,Route-local tail Braess,Base-3 paths,Model B,Mean-CVaR,0.88,0.88,0.88,False,,0.4,3.3333333333333335,27.12846502145188,31.71623493824825,27.12846502145188,0.03711106553364181,0.3416148585816727,0.6212740758846861,0.2774429404322438,0.40165640731399915,0.320900652253757,3,26,,0.02994395885616541,1537.5934711417235,2333.029135502111,1855.7677368858785,327.4784335386774,2183.246170424556,Upper incident(0.44); System-wide(1.00),P1: A→B→D,22.195435234579506,0.2774429404322438,29.606462577447367,P2: A→C→D,32.13251258511993,0.40165640731399915,21.482405009567575,P3: A→B→C→D,25.67205218030056,0.320900652253757,20.5301571262054,
direct-eta,Route-local tail Braess,Base-3 paths,Model A,Mean-CVaR,0.88,0.88,0.88,False,,0.6,5.0,35.40913644863906,35.40913644863906,28.671878415530067,0.04142226073278209,0.44615250456065925,0.5124252347065621,0.2774429404322439,0.401656407313999,0.3209006522537572,3,7,2.3804069826383056e-11,0.011233541183173656,1443.4423995734587,2513.6262624201463,2085.5527172814714,359.07623929366105,2444.628956575132,Lower incident(0.12); Shortcut incident(1.00); System-wide(1.00),P1: A→B→D,3.3137808586225668,0.04142226073278209,32.97277853371636,P2: A→C→D,35.69220036485274,0.44615250456065925,29.40486276804636,P3: A→B→C→D,40.99401877652497,0.5124252347065621,29.179924451873475,7.702874228510204e-15
direct-eta,Route-local tail Braess,Base-3 paths,Model B,Mean-CVaR,0.88,0.88,0.88,False,,0.6,5.0,28.671878415530067,35.40913644863906,28.671878415530067,0.04142226073278209,0.44615250456065925,0.5124252347065621,0.2774429404322439,0.401656407313999,0.3209006522537572,3,24,,0.026826791930943727,1537.5934711417235,2333.0291355021077,2014.854869757954,327.47843353867745,2342.3333032966316,Upper incident(0.44); System-wide(1.00),P1: A→B→D,22.19543523457951,0.2774429404322439,33.231151923253876,P2: A→C→D,32.13251258511992,0.401656407313999,22.45929000578562,P3: A→B→C→D,25.672052180300575,0.3209006522537572,22.506223674059274,
direct-eta,Route-local tail Braess,Base-3 paths,Model A,Mean-CVaR,0.88,0.88,0.88,False,,0.8,6.666666666666667,39.10498549129832,39.10498549129832,31.070756378633128,0.04601608271841211,0.5327376244998201,0.42124629278177117,0.27744294043224377,0.4016564073139993,0.32090065225375697,3,7,9.308109838457312e-13,0.011306541040539742,1466.3519817775464,2446.554855389358,2250.514280666996,358.29949300935135,2608.8137736763474,Lower incident(0.47); System-wide(1.00),P1: A→B→D,3.681286617472969,0.04601608271841211,36.53236384061514,P2: A→C→D,42.61900995998561,0.5327376244998201,32.81249705198572,P3: A→B→C→D,33.699703422541695,0.42124629278177117,33.19376692460587,5.3766403219290336e-15
direct-eta,Route-local tail Braess,Base-3 paths,Model B,Mean-CVaR,0.88,0.88,0.88,False,,0.8,6.666666666666667,31.070756378633128,39.10498549129832,31.070756378633128,0.04601608271841211,0.5327376244998201,0.42124629278177117,0.27744294043224377,0.4016564073139993,0.32090065225375697,3,27,,0.034268457908183336,1537.5934711417237,2333.0291355021095,2173.942002630032,327.47843353867745,2501.42043616871,Lower incident(0.47); System-wide(1.00),P1: A→B→D,22.195435234579502,0.27744294043224377,25.03286179179742,P2: A→C→D,32.13251258511995,0.4016564073139993,31.506636351469655,P3: A→B→C→D,25.672052180300557,0.32090065225375697,24.74269132559331,
direct-eta,Route-local tail Braess,Base-3 paths,Model A,CVaR-only,0.88,0.88,0.88,False,,1.0,8.333333333333334,42.82294972575244,42.82294972575244,32.21031193869702,0.05167664079696991,0.5978771165475626,0.350446242655469,0.2774429404322437,0.4016564073139991,0.32090065225375713,3,7,3.9879211044535623e-13,0.011262999847531319,1485.1000628766726,2488.951784934623,2488.951784934623,360.1253317497377,2849.0771166843606,Lower incident(0.47); System-wide(1.00),P1: A→B→D,4.134131263757593,0.05167664079696991,40.09643197631325,P2: A→C→D,47.83016932380501,0.5978771165475626,36.342369149609226,P3: A→B→C→D,28.035699412437516,0.350446242655469,37.208739580532935,2.123229025482005e-15
direct-eta,Route-local tail Braess,Base-3 paths,Model B,CVaR-only,0.88,0.88,0.88,False,,1.0,8.333333333333334,32.21031193869702,42.82294972575244,32.21031193869702,0.05167664079696991,0.5978771165475626,0.350446242655469,0.2774429404322437,0.4016564073139991,0.32090065225375713,3,21,,0.02364550018683076,1537.5934711417235,2333.029135502108,2333.029135502108,327.47843353867745,2660.5075690407857,Lower incident(0.12); Shortcut incident(1.00); System-wide(1.00),P1: A→B→D,22.195435234579495,0.2774429404322437,25.514856211810102,P2: A→C→D,32.132512585119926,0.4016564073139991,26.751516392394798,P3: A→B→C→D,25.67205218030057,0.32090065225375713,36.38466550902349,
direct-eta,Route-local tail Braess,Base-3 paths,Model A,Expectation-only,0.92,0.92,0.92,False,,0.0,0.0,24.102211636253173,24.102211636253173,24.102211623342647,0.024330602869699756,0.14659132790826349,0.8290780692220381,0.02433069641145897,0.14659090125553118,0.8290784023330099,3,2,5.3944404498906806e-11,0.004001375287771225,1367.462592694007,3100.108568402756,1367.462592694007,398.28703668711967,1765.7496293811269,Shortcut incident(0.67); System-wide(1.00),P1: A→B→D,1.9464482295759804,0.024330602869699756,22.301210877921065,P2: A→C→D,11.727306232661078,0.14659132790826349,19.862628665630346,P3: A→B→C→D,66.32624553776304,0.8290780692220381,17.086294738083552,1.6500464033227836e-15
direct-eta,Route-local tail Braess,Base-3 paths,Model B,Expectation-only,0.92,0.92,0.92,False,,0.0,0.0,24.102211623342647,24.102211636253173,24.102211623342647,0.024330602869699756,0.14659132790826349,0.8290780692220381,0.02433069641145897,0.14659090125553118,0.8290784023330099,3,18,,0.022272250149399042,1367.4625369565679,3100.1089339445243,1367.4625369565679,398.287092424662,1765.7496293812299,Shortcut incident(0.67); System-wide(1.00),P1: A→B→D,1.9464557129167177,0.02433069641145897,22.3012109996089,P2: A→C→D,11.727272100442494,0.14659090125553118,19.862628438354438,P3: A→B→C→D,66.3262721866408,0.8290784023330099,17.086294759805984,
direct-eta,Route-local tail Braess,Base-3 paths,Model A,Mean-CVaR,0.92,0.92,0.92,False,,0.2,2.5000000000000013,28.633348432383286,28.633348432383286,27.64101962569395,0.052504958599188065,0.30121272273071453,0.6462823186700959,0.12517143959737584,0.4596100741316319,0.4152184862709922,3,6,1.4921397450962104e-13,0.009725625161081553,1414.3034153530775,2903.830697752462,1712.2088718329544,364.00589311345226,2076.214764946407,Shortcut incident(0.67); System-wide(1.00),P1: A→B→D,4.200396687935045,0.052504958599188065,25.88545691768479,P2: A→C→D,24.09701781845716,0.30121272273071453,23.262100053940998,P3: A→B→C→D,51.70258549360767,0.6462823186700959,22.025574240810535,-1.5874808245245985e-15
direct-eta,Route-local tail Braess,Base-3 paths,Model B,Mean-CVaR,0.92,0.92,0.92,False,,0.2,2.5000000000000013,27.64101962569395,28.633348432383286,27.64101962569395,0.052504958599188065,0.30121272273071453,0.6462823186700959,0.12517143959737584,0.4596100741316319,0.4152184862709922,3,51,,0.06205170834437013,1482.8541962865513,2664.775207712158,1719.2383985716729,340.7693257546376,2060.0077243263104,Shortcut incident(0.67); System-wide(1.00),P1: A→B→D,10.013715167790068,0.12517143959737584,23.642461290758675,P2: A→C→D,36.768805930530554,0.4596100741316319,21.58854933611674,P3: A→B→C→D,33.21747890167938,0.4152184862709922,21.753119429540405,
direct-eta,Route-local tail Braess,Base-3 paths,Model A,Mean-CVaR,0.92,0.92,0.92,False,,0.4,5.000000000000003,32.868430242428744,32.868430242428744,29.817857201816736,0.08384743884298738,0.47377565976633756,0.4423769013906795,0.2554452946513931,0.41405391982803347,0.33050078552057355,3,6,1.5090151350705128e-12,0.010219417046755552,1468.2510513006198,2691.985661758079,1957.7448954836036,348.26734908042675,2306.0122445640304,Shortcut incident(0.67); System-wide(1.00),P1: A→B→D,6.707795107438991,0.08384743884298738,29.464709961774126,P2: A→C→D,37.902052781307006,0.47377565976633756,26.766685209162475,P3: A→B→C→D,35.39015211125436,0.4423769013906795,26.8779332563549,5.01342004258838e-15
direct-eta,Route-local tail Braess,Base-3 paths,Model B,Mean-CVaR,0.92,0.92,0.92,False,,0.4,5.000000000000003,29.817857201816736,32.868430242428744,29.817857201816736,0.08384743884298738,0.47377565976633756,0.4423769013906795,0.2554452946513931,0.41405391982803347,0.33050078552057355,3,38,,0.04440804198384285,1530.3991623697289,2585.029813586694,1952.251422856515,328.4035354023023,2280.6549582588173,Shortcut incident(0.67); System-wide(1.00),P1: A→B→D,20.43562357211145,0.2554452946513931,25.125122616366205,P2: A→C→D,33.12431358624268,0.41405391982803347,23.03433975810825,P3: A→B→C→D,26.440062841645883,0.33050078552057355,26.408761871581774,
direct-eta,Route-local tail Braess,Base-3 paths,Model A,Mean-CVaR,0.92,0.92,0.92,False,,0.6,7.5000000000000036,36.983616476994115,36.983616476994115,31.57646665575801,0.1189188181079683,0.5978773683694789,0.28320381352255003,0.27744294043224377,0.40165640731399915,0.3209006522537571,3,6,1.3500311979441904e-13,0.009859958197921515,1514.216600423431,2682.691925171884,2215.301795272503,349.0721769190204,2564.3739721915235,Lower incident(0.24); System-wide(1.00),P1: A→B→D,9.513505448637464,0.1189188181079683,33.0625153705312,P2: A→C→D,47.83018946955831,0.5978773683694789,30.50303521323812,P3: A→B→C→D,22.656305081804003,0.28320381352255003,31.710900345227422,-2.458351817381957e-15
direct-eta,Route-local tail Braess,Base-3 paths,Model B,Mean-CVaR,0.92,0.92,0.92,False,,0.6,7.5000000000000036,31.57646665575801,36.983616476994115,31.57646665575801,0.1189188181079683,0.5978773683694789,0.28320381352255003,0.27744294043224377,0.40165640731399915,0.3209006522537571,3,32,,0.03679229225963354,1537.5934711417235,2577.1431961147855,2161.3233061255605,327.47843353867734,2488.801739664238,Shortcut incident(0.67); System-wide(1.00),P1: A→B→D,22.195435234579502,0.27744294043224377,26.567022763086573,P2: A→C→D,32.13251258511993,0.40165640731399915,24.708824751417097,P3: A→B→C→D,25.672052180300565,0.3209006522537571,31.26559146411122,
direct-eta,Route-local tail Braess,Base-3 paths,Model A,Mean-CVaR,0.92,0.92,0.92,False,,0.8,10.000000000000005,41.01547284038223,41.01547284038223,33.22147607291903,0.15586538602232097,0.6709497117045831,0.17318490227309893,0.27744294043224366,0.40165640731399915,0.3209006522537571,3,6,1.1368683772161603e-13,0.009831540752202272,1549.6533076231135,2707.47415942413,2475.909989063927,356.48384101862064,2832.3938300825475,Lower incident(0.24); System-wide(1.00),P1: A→B→D,12.469230881785677,0.15586538602232097,36.68145969007104,P2: A→C→D,53.675976936366645,0.6709497117045831,34.346432116271224,P3: A→B→C→D,13.854792181847914,0.17318490227309893,36.51826864198436,3.3251510084763895e-15
direct-eta,Route-local tail Braess,Base-3 paths,Model B,Mean-CVaR,0.92,0.92,0.92,False,,0.8,10.000000000000005,33.22147607291903,41.01547284038223,33.22147607291903,0.15586538602232097,0.6709497117045831,0.17318490227309893,0.27744294043224366,0.40165640731399915,0.3209006522537571,3,25,,0.028423708397895098,1537.5934711417235,2577.1431961147855,2369.233251120173,327.4784335386774,2696.7116846588506,Shortcut incident(0.67); System-wide(1.00),P1: A→B→D,22.19543523457949,0.27744294043224366,27.97033572217066,P2: A→C→D,32.13251258511993,0.40165640731399915,26.43555466284563,P3: A→B→C→D,25.672052180300568,0.3209006522537571,36.161447275315744,
direct-eta,Route-local tail Braess,Base-3 paths,Model A,CVaR-only,0.92,0.92,0.92,False,,1.0,12.500000000000007,44.95721500986805,44.95721500986805,34.8495385788888,0.18879481285407448,0.712797743606303,0.09840744353961928,0.2774429404322437,0.40165640731399915,0.32090065225375713,3,7,2.3447910280083306e-13,0.011538167018443346,1575.8099917832521,2721.501978351518,2721.501978351518,366.2456015341183,3087.7475798856362,Lower incident(0.24); System-wide(1.00),P1: A→B→D,15.10358502832596,0.18879481285407448,40.325478476919066,P2: A→C→D,57.02381948850424,0.712797743606303,38.18912566474071,P3: A→B→C→D,7.872595483169542,0.09840744353961928,41.31893606456961,-2.4016717875982987e-15
direct-eta,Route-local tail Braess,Base-3 paths,Model B,CVaR-only,0.92,0.92,0.92,False,,1.0,12.500000000000007,34.8495385788888,44.95721500986805,34.8495385788888,0.18879481285407448,0.712797743606303,0.09840744353961928,0.2774429404322437,0.40165640731399915,0.32090065225375713,3,28,,0.032135999761521816,1537.5934711417237,2577.1431961147855,2577.1431961147855,327.47843353867745,2904.621629653463,Shortcut incident(0.67); System-wide(1.00),P1: A→B→D,22.1954352345795,0.2774429404322437,29.373648681254746,P2: A→C→D,32.13251258511993,0.40165640731399915,28.16228457427416,P3: A→B→C→D,25.67205218030057,0.32090065225375713,41.05730308652027,
direct-eta,Route-local tail Braess,Base-3 paths,Model A,Expectation-only,0.96,0.96,0.96,False,,0.0,0.0,24.102211636253173,24.102211636253173,24.102211623342647,0.024330602869699756,0.14659132790826349,0.8290780692220381,0.02433069641145897,0.14659090125553118,0.8290784023330099,3,2,5.3944404498906806e-11,0.003940124996006489,1367.462592694007,3538.0766625396536,1367.462592694007,398.28703668711967,1765.7496293811269,System-wide(1.00),P1: A→B→D,1.9464482295759804,0.024330602869699756,22.301210877921065,P2: A→C→D,11.727306232661078,0.14659132790826349,19.862628665630346,P3: A→B→C→D,66.32624553776304,0.8290780692220381,17.086294738083552,1.6500464033227836e-15
direct-eta,Route-local tail Braess,Base-3 paths,Model B,Expectation-only,0.96,0.96,0.96,False,,0.0,0.0,24.102211623342647,24.102211636253173,24.102211623342647,0.024330602869699756,0.14659132790826349,0.8290780692220381,0.02433069641145897,0.14659090125553118,0.8290784023330099,3,18,,0.02262445818632841,1367.4625369565679,3538.076813550989,1367.4625369565679,398.287092424662,1765.7496293812299,System-wide(1.00),P1: A→B→D,1.9464557129167177,0.02433069641145897,22.3012109996089,P2: A→C→D,11.727272100442494,0.14659090125553118,19.862628438354438,P3: A→B→C→D,66.3262721866408,0.8290784023330099,17.086294759805984,
direct-eta,Route-local tail Braess,Base-3 paths,Model A,Mean-CVaR,0.96,0.96,0.96,False,,0.2,4.999999999999996,29.45114923328309,29.45114923328309,29.45114966148077,0.08675310572133868,0.2975138904543287,0.6157330038243316,0.08675302889109197,0.2975130940099838,0.6157338770989241,3,2,8.331824119522935e-11,0.003960417117923498,1428.137823681874,3435.1445459409756,1829.5391681336941,354.92936952996325,2184.4685376636576,System-wide(1.00),P1: A→B→D,6.940248457707094,0.08675310572133868,25.997908288829557,P2: A→C→D,23.801111236346294,0.2975138904543287,24.099668466475954,P3: A→B→C→D,49.25864030594653,0.6157330038243316,22.922511769041265,1.929272861305862e-16
direct-eta,Route-local tail Braess,Base-3 paths,Model B,Mean-CVaR,0.96,0.96,0.96,False,,0.2,4.999999999999996,29.45114966148077,29.45114923328309,29.45114966148077,0.08675310572133868,0.2975138904543287,0.6157330038243316,0.08675302889109197,0.2975130940099838,0.6157338770989241,3,49,,0.06281616725027561,1428.13760727924,3435.144942022332,1829.5390742278585,354.9294634360465,2184.468537663905,System-wide(1.00),P1: A→B→D,6.940242311287358,0.08675302889109197,25.99790853893902,P2: A→C→D,23.801047520798704,0.2975130940099838,24.099668439578092,P3: A→B→C→D,49.25871016791393,0.6157338770989241,22.922512449950563,
direct-eta,Route-local tail Braess,Base-3 paths,Model A,Mean-CVaR,0.96,0.96,0.96,False,,0.4,9.999999999999991,34.20938031426299,34.20938031426299,34.20937989226873,0.17440925677720204,0.4481065775312854,0.3774841656915133,0.1744093048060068,0.44810618718548556,0.3774845080085077,3,2,1.531219595563016e-11,0.0039028748869895935,1501.8805295725751,3329.701033944649,2233.008731321405,334.4780780219472,2567.486809343352,System-wide(1.00),P1: A→B→D,13.952740542176164,0.17440925677720204,29.70122265277182,P2: A→C→D,35.84852620250283,0.4481065775312854,28.198020942044867,P3: A→B→C→D,30.198733255321063,0.3774841656915133,28.47541782559597,2.1593332639951953e-15
direct-eta,Route-local tail Braess,Base-3 paths,Model B,Mean-CVaR,0.96,0.96,0.96,False,,0.4,9.999999999999991,34.20937989226873,34.20938031426299,34.20937989226873,0.17440925677720204,0.4481065775312854,0.3774841656915133,0.1744093048060068,0.44810618718548556,0.3774845080085077,3,39,,0.04741670796647668,1501.880457748669,3329.701175111468,2233.0087446937887,334.47806464961786,2567.4868093434065,System-wide(1.00),P1: A→B→D,13.952744384480544,0.1744093048060068,29.70122277557342,P2: A→C→D,35.84849497483884,0.44810618718548556,28.198020019004925,P3: A→B→C→D,30.198760640680614,0.3774845080085077,28.475417734275688,
direct-eta,Route-local tail Braess,Base-3 paths,Model A,Mean-CVaR,0.96,0.96,0.96,False,,0.6,14.999999999999986,38.66868636238385,38.66868636238385,38.66868433236952,0.25969577599469507,0.5397778492168341,0.20052637478846966,0.2596926829412364,0.5397737056408349,0.2005336114179288,3,3,8.171241461241152e-14,0.005428667180240154,1562.7214651394609,3259.892850715676,2581.02429648519,337.9815582926028,2919.0058547777926,System-wide(1.00),P1: A→B→D,20.775662079575607,0.25969577599469507,33.53403148277094,P2: A→C→D,43.18222793734673,0.5397778492168341,32.35481532011518,P3: A→B→C→D,16.042109983077573,0.20052637478846966,33.942540797328135,-7.347682970252224e-16
direct-eta,Route-local tail Braess,Base-3 paths,Model B,Mean-CVaR,0.96,0.96,0.96,False,,0.6,14.999999999999986,38.66868433236952,38.66868636238385,38.66868433236952,0.25969577599469507,0.5397778492168341,0.20052637478846966,0.2596926829412364,0.5397737056408349,0.2005336114179288,3,41,,0.05178845813497901,1562.7190188748825,3259.895527221579,2581.0249238829006,337.98093092122133,2919.005854804122,System-wide(1.00),P1: A→B→D,20.775414635298908,0.2596926829412364,33.534023985347055,P2: A→C→D,43.181896451266795,0.5397737056408349,32.35481020988667,P3: A→B→C→D,16.042688913434304,0.2005336114179288,33.94255373897256,
direct-eta,Route-local tail Braess,Base-3 paths,Model A,Mean-CVaR,0.96,0.96,0.96,False,,0.8,19.999999999999982,43.015494583309476,43.015494583309476,43.01549540929828,0.3216566245986447,0.584797370350819,0.09354600505054082,0.32165674676603817,0.5847976179341992,0.0935456352997625,3,2,9.880807283479953e-11,0.004126999992877245,1602.8268691297528,3222.6770151695378,2898.7069859615813,351.2403040820697,3249.947290043651,System-wide(1.00),P1: A→B→D,25.732529967891576,0.3216566245986447,37.53902595884874,P2: A→C→D,46.78378962806552,0.584797370350819,36.57101716187588,P3: A→B→C→D,7.483680404043266,0.09354600505054082,39.451920640710284,2.359448704699828e-13
direct-eta,Route-local tail Braess,Base-3 paths,Model B,Mean-CVaR,0.96,0.96,0.96,False,,0.8,19.999999999999982,43.01549540929828,43.015494583309476,43.01549540929828,0.3216566245986447,0.584797370350819,0.09354600505054082,0.32165674676603817,0.5847976179341992,0.0935456352997625,3,44,,0.054618250112980604,1602.826989588627,3222.67689035911,2898.7069102050136,351.2403798387385,3249.947290043752,System-wide(1.00),P1: A→B→D,25.732539741283052,0.32165674676603817,37.539026649625804,P2: A→C→D,46.783809434735936,0.5847976179341992,36.571018299264836,P3: A→B→C→D,7.483650823981,0.0935456352997625,39.45192013881771,
direct-eta,Route-local tail Braess,Base-3 paths,Model A,CVaR-only,0.96,0.96,0.96,False,,1.0,24.99999999999998,47.28370831935197,47.28370831935197,47.283707490518594,0.3597582319764011,0.6041609697883725,0.03608079823522953,0.3597582595701413,0.604160795503131,0.036080944926727775,3,2,3.107203383478918e-11,0.004025457892566919,1625.9443270715976,3204.907001721388,3204.907001721388,364.45988983513126,3569.3668915565195,System-wide(1.00),P1: A→B→D,28.780658558112087,0.3597582319764011,41.62727641748774,P2: A→C→D,48.3328775830698,0.6041609697883725,40.78605707456478,P3: A→B→C→D,2.886463858818362,0.03608079823522953,45.02120880187555,1.2319064551416e-13
direct-eta,Route-local tail Braess,Base-3 paths,Model B,CVaR-only,0.96,0.96,0.96,False,,1.0,24.99999999999998,47.283707490518594,47.28370831935197,47.283707490518594,0.3597582319764011,0.6041609697883725,0.03608079823522953,0.3597582595701413,0.604160795503131,0.036080944926727775,3,30,,0.034186165779829025,1625.944295661503,3204.90705327924,3204.90705327924,364.45983827731135,3569.3668915565513,System-wide(1.00),P1: A→B→D,28.7806607656113,0.3597582595701413,41.62727671455592,P2: A→C→D,48.33286364025047,0.604160795503131,40.78605550665463,P3: A→B→C→D,2.886475594138222,0.036080944926727775,45.02120872712478,
