Instance,PathSet,Parameterization,alpha,alpha_requested,alpha_used,alpha_is_limit,eta,RiskCase,pi_A,pi_B,D_f_AB,Gap_A_at_fB,Active_A,Active_B,Active_A_minus_Active_B,f1_A_over_q,f1_B_over_q,f2_A_over_q,f2_B_over_q,f3_A_over_q,f3_B_over_q,lambda,D_tail_AB,Mean_D_tail_AB,D_p_AB,Mean_D_p_AB,TailTV_max_AB,WorstTailPath,TailSet_B_at_fB,D_tail_P1,D_p_P1,TailSet_A_P1_at_fB,D_tail_P2,D_p_P2,TailSet_A_P2_at_fB,D_tail_P3,D_p_P3,TailSet_A_P3_at_fB
Route-local tail Braess,Base-3 paths,direct-eta,0.8,0.8,0.8,False,0.0,Expectation-only,24.102211636253173,24.102211623342647,8.533054633885761e-07,1.9404475460645393e-07,3,3,0,0.024330602869699756,0.02433069641145897,0.14659132790826349,0.14659090125553118,0.8290780692220381,0.8290784023330099,,1.600000000000001,0.7333333333333338,0.0,0.0,0.0,P1,Lower incident(0.50); Shortcut incident(0.30); System-wide(0.20),1.600000000000001,0.0,Upper incident(0.80); System-wide(0.20),0.6000000000000004,0.0,Lower incident(0.80); System-wide(0.20),0.0,0.0,Lower incident(0.50); Shortcut incident(0.30); System-wide(0.20)
Route-local tail Braess,Base-3 paths,direct-eta,0.8,0.8,0.8,False,0.2,Mean-CVaR,26.83075821474707,26.150593618109,0.3096646896734547,0.02106841524484458,3,3,0,0.009754000554084808,0.11113173317110467,0.1295586544080347,0.18301326662774248,0.8606873450378799,0.7058550002011529,,1.600000000000001,0.7333333333333338,0.3200000000000004,0.14666666666666686,0.1600000000000002,P1,Lower incident(0.50); Shortcut incident(0.30); System-wide(0.20),1.600000000000001,0.3200000000000004,Upper incident(0.80); System-wide(0.20),0.6000000000000004,0.1200000000000002,Lower incident(0.80); System-wide(0.20),0.0,0.0,Lower incident(0.50); Shortcut incident(0.30); System-wide(0.20)
Route-local tail Braess,Base-3 paths,direct-eta,0.8,0.8,0.8,False,0.4,Mean-CVaR,29.555118750207065,26.954435910197667,0.7132169479951287,0.06305737842710601,3,3,0,0.0008899325047070543,0.1959065994490799,0.11391712545158275,0.2755089325047751,0.8851929420437085,0.5285844680461449,,1.6000000000000008,1.066666666666667,0.6400000000000002,0.4266666666666669,0.3200000000000001,P2,Upper incident(0.50); Shortcut incident(0.30); System-wide(0.20),0.6000000000000005,0.24000000000000005,Upper incident(0.80); System-wide(0.20),1.6000000000000008,0.6400000000000002,Lower incident(0.80); System-wide(0.20),1.0000000000000004,0.40000000000000047,Lower incident(0.50); Shortcut incident(0.30); System-wide(0.20)
Route-local tail Braess,Base-3 paths,direct-eta,0.8,0.8,0.8,False,0.6,Mean-CVaR,32.2438380400324,28.999945298354348,1.1016720317006794,0.11597537981233987,2,3,-1,0.0,0.26604738094749525,0.09923840256852531,0.3840270374713694,0.9007615974314754,0.3499255815811354,,1.600000000000001,0.7333333333333338,0.9600000000000006,0.4400000000000002,0.4800000000000003,P1,Lower incident(0.50); Shortcut incident(0.30); System-wide(0.20),1.600000000000001,0.9600000000000006,Upper incident(0.80); System-wide(0.20),0.6000000000000004,0.3600000000000001,Lower incident(0.80); System-wide(0.20),0.0,0.0,Lower incident(0.50); Shortcut incident(0.30); System-wide(0.20)
Route-local tail Braess,Base-3 paths,direct-eta,0.8,0.8,0.8,False,0.8,Mean-CVaR,34.930442988322426,27.34850393253692,1.185493478221836,0.12783260078197328,2,3,-1,0.0,0.2774429404322438,0.08635260863532432,0.40165640731399915,0.9136473913646743,0.320900652253757,,1.6000000000000014,1.0666666666666675,1.2800000000000007,0.8533333333333336,0.6400000000000003,P2,Upper incident(0.80); System-wide(0.20),0.0,0.0,Upper incident(0.80); System-wide(0.20),1.6000000000000014,1.2800000000000002,Lower incident(0.80); System-wide(0.20),1.600000000000001,1.2800000000000007,Lower incident(0.50); Shortcut incident(0.30); System-wide(0.20)
Route-local tail Braess,Base-3 paths,direct-eta,0.8,0.8,0.8,False,1.0,CVaR-only,37.61989830273474,29.00565509740646,1.2079984322790094,0.1298502727441614,2,3,-1,0.0,0.2774429404322437,0.07510013160673666,0.40165640731399926,0.9248998683932601,0.3209006522537572,,1.6000000000000014,0.733333333333334,1.6000000000000003,0.7333333333333335,0.8000000000000002,P1,Lower incident(0.80); System-wide(0.20),1.6000000000000014,1.6000000000000003,Upper incident(0.80); System-wide(0.20),0.0,0.0,Lower incident(0.80); System-wide(0.20),0.6000000000000004,0.6000000000000002,Lower incident(0.50); Shortcut incident(0.30); System-wide(0.20)
Route-local tail Braess,Base-3 paths,direct-eta,0.84,0.84,0.84,False,0.0,Expectation-only,24.102211636253173,24.102211623342647,8.533054633885761e-07,1.9404475460645393e-07,3,3,0,0.024330602869699756,0.02433069641145897,0.14659132790826349,0.14659090125553118,0.8290780692220381,0.8290784023330099,,1.5000000000000013,0.7500000000000006,0.0,0.0,0.0,P1,Lower incident(0.38); Shortcut incident(0.37); System-wide(0.25),1.5000000000000013,0.0,Upper incident(0.75); System-wide(0.25),0.7500000000000002,0.0,Lower incident(0.75); System-wide(0.25),0.0,0.0,Lower incident(0.38); Shortcut incident(0.37); System-wide(0.25)
Route-local tail Braess,Base-3 paths,direct-eta,0.84,0.84,0.84,False,0.2,Mean-CVaR,27.28280135710059,26.482816249038805,0.3763953912225676,0.025427429657096344,3,3,0,0.016703987054916387,0.12064987894328624,0.16510177288652791,0.249353576609442,0.8181942400585553,0.6299965444472717,,1.5000000000000013,0.7500000000000006,0.3000000000000002,0.15000000000000008,0.1500000000000001,P1,Lower incident(0.38); Shortcut incident(0.37); System-wide(0.25),1.5000000000000013,0.3000000000000002,Upper incident(0.75); System-wide(0.25),0.7500000000000002,0.15000000000000002,Lower incident(0.75); System-wide(0.25),0.0,0.0,Lower incident(0.38); Shortcut incident(0.37); System-wide(0.25)
Route-local tail Braess,Base-3 paths,direct-eta,0.84,0.84,0.84,False,0.4,Mean-CVaR,30.455305956121045,27.510291511556225,0.8650686309557392,0.08301796143204611,3,3,0,0.010587277970023883,0.2569513053696697,0.18378611422172494,0.36995640229994875,0.8056266078082512,0.3730922923303816,,1.5000000000000013,1.0000000000000009,0.6000000000000005,0.40000000000000036,0.30000000000000027,P2,Upper incident(0.38); Shortcut incident(0.37); System-wide(0.25),0.75,0.30000000000000004,Upper incident(0.75); System-wide(0.25),1.5000000000000013,0.6000000000000005,Lower incident(0.75); System-wide(0.25),0.7500000000000012,0.3000000000000006,Lower incident(0.38); Shortcut incident(0.37); System-wide(0.25)
Route-local tail Braess,Base-3 paths,direct-eta,0.84,0.84,0.84,False,0.6,Mean-CVaR,33.61895949546741,29.667455686541814,0.941980193438247,0.0924918858571662,3,3,0,0.005684405124687268,0.2774429404322437,0.20242484590243026,0.40165640731399915,0.7918907489728786,0.3209006522537571,,1.5000000000000013,0.7500000000000006,0.9000000000000007,0.45000000000000023,0.45000000000000034,P1,Lower incident(0.38); Shortcut incident(0.37); System-wide(0.25),1.5000000000000013,0.9000000000000007,Upper incident(0.75); System-wide(0.25),0.7500000000000002,0.45,Lower incident(0.75); System-wide(0.25),0.0,0.0,Lower incident(0.38); Shortcut incident(0.37); System-wide(0.25)
Route-local tail Braess,Base-3 paths,direct-eta,0.84,0.84,0.84,False,0.8,Mean-CVaR,36.773737297547626,28.37283013732162,0.9129974684517824,0.08747206699284862,3,3,0,0.0017662606043515106,0.2774429404322438,0.22083435291600062,0.40165640731399915,0.7773993864796486,0.320900652253757,,1.5000000000000018,1.000000000000001,1.2000000000000008,0.8000000000000004,0.6000000000000004,P2,Upper incident(0.75); System-wide(0.25),0.0,0.0,Upper incident(0.75); System-wide(0.25),1.5000000000000018,1.2000000000000006,Lower incident(0.75); System-wide(0.25),1.5000000000000013,1.2000000000000008,Lower incident(0.38); Shortcut incident(0.37); System-wide(0.25)
Route-local tail Braess,Base-3 paths,direct-eta,0.84,0.84,0.84,False,1.0,CVaR-only,39.90848758631002,30.858560453673064,0.8810622980031144,0.08322419979170229,2,3,-1,0.0,0.27744294043224355,0.2385681987446846,0.4016564073139991,0.7614318012553137,0.32090065225375736,,1.5000000000000013,0.7500000000000006,1.5000000000000007,0.7500000000000003,0.7500000000000003,P1,Lower incident(0.38); Shortcut incident(0.37); System-wide(0.25),1.5000000000000013,1.5000000000000007,Upper incident(0.75); System-wide(0.25),0.7500000000000002,0.75,Lower incident(0.75); System-wide(0.25),0.0,0.0,Lower incident(0.38); Shortcut incident(0.37); System-wide(0.25)
Route-local tail Braess,Base-3 paths,direct-eta,0.88,0.88,0.88,False,0.0,Expectation-only,24.102211636253173,24.102211623342647,8.533054633885761e-07,1.9404475460645393e-07,3,3,0,0.024330602869699756,0.02433069641145897,0.14659132790826349,0.14659090125553118,0.8290780692220381,0.8290784023330099,,1.333333333333335,0.7777777777777786,0.0,0.0,0.0,P1,Lower incident(0.17); Shortcut incident(0.50); System-wide(0.33),1.333333333333335,0.0,Upper incident(0.67); System-wide(0.33),1.0000000000000004,0.0,Lower incident(0.67); System-wide(0.33),0.0,0.0,Lower incident(0.17); Shortcut incident(0.50); System-wide(0.33)
Route-local tail Braess,Base-3 paths,direct-eta,0.88,0.88,0.88,False,0.2,Mean-CVaR,27.96859045646756,26.951586584715457,0.4877016126447272,0.03518189592094789,3,3,0,0.031655623799550184,0.13045867191522875,0.2360301722189196,0.38107793042560395,0.7323142039815316,0.48846339765916724,,1.333333333333335,0.7777777777777786,0.2666666666666673,0.1555555555555558,0.13333333333333364,P1,Lower incident(0.17); Shortcut incident(0.50); System-wide(0.33),1.333333333333335,0.2666666666666673,Upper incident(0.67); System-wide(0.33),1.0000000000000004,0.2000000000000002,Lower incident(0.67); System-wide(0.33),0.0,0.0,Lower incident(0.17); Shortcut incident(0.50); System-wide(0.33)
Route-local tail Braess,Base-3 paths,direct-eta,0.88,0.88,0.88,False,0.4,Mean-CVaR,31.71623493824825,27.12846502145188,0.6007468472618577,0.059754056290705966,3,3,0,0.03711106553364181,0.2774429404322438,0.3416148585816727,0.40165640731399915,0.6212740758846861,0.320900652253757,,1.3333333333333355,0.8888888888888902,0.5333333333333343,0.3555555555555561,0.26666666666666716,P2,Upper incident(0.67); System-wide(0.33),0.0,0.0,Upper incident(0.67); System-wide(0.33),1.3333333333333355,0.5333333333333341,Lower incident(0.67); System-wide(0.33),1.333333333333335,0.5333333333333343,Lower incident(0.17); Shortcut incident(0.50); System-wide(0.33)
Route-local tail Braess,Base-3 paths,direct-eta,0.88,0.88,0.88,False,0.6,Mean-CVaR,35.40913644863906,28.671878415530067,0.4720413593989269,0.04025648827989586,3,3,0,0.04142226073278209,0.2774429404322439,0.44615250456065925,0.401656407313999,0.5124252347065621,0.3209006522537572,,1.3333333333333337,0.8888888888888896,0.8000000000000004,0.5333333333333339,0.4000000000000002,P2,Upper incident(0.67); System-wide(0.33),1.7763568394002505e-15,1.096345236817342e-15,Upper incident(0.67); System-wide(0.33),1.3333333333333337,0.8000000000000004,Lower incident(0.67); System-wide(0.33),1.3333333333333333,0.8000000000000002,Lower incident(0.17); Shortcut incident(0.50); System-wide(0.33)
Route-local tail Braess,Base-3 paths,direct-eta,0.88,0.88,0.88,False,0.8,Mean-CVaR,39.10498549129832,31.070756378633128,0.46285371542766673,0.03854212574974554,3,3,0,0.04601608271841211,0.27744294043224377,0.5327376244998201,0.4016564073139993,0.42124629278177117,0.32090065225375697,,1.3333333333333355,0.7777777777777786,1.066666666666668,0.6222222222222228,0.533333333333334,P1,Lower incident(0.67); System-wide(0.33),1.3333333333333355,1.066666666666668,Upper incident(0.67); System-wide(0.33),0.0,0.0,Lower incident(0.67); System-wide(0.33),1.0000000000000004,0.8000000000000003,Lower incident(0.17); Shortcut incident(0.50); System-wide(0.33)
Route-local tail Braess,Base-3 paths,direct-eta,0.88,0.88,0.88,False,1.0,CVaR-only,42.82294972575244,32.21031193869702,0.4515325992705492,0.04683372789880652,3,3,0,0.05167664079696991,0.2774429404322437,0.5978771165475626,0.4016564073139991,0.350446242655469,0.32090065225375713,,1.333333333333335,0.7777777777777786,1.3333333333333344,0.7777777777777781,0.6666666666666672,P1,Lower incident(0.17); Shortcut incident(0.50); System-wide(0.33),1.333333333333335,1.3333333333333344,Upper incident(0.67); System-wide(0.33),1.0000000000000004,1.0,Lower incident(0.67); System-wide(0.33),0.0,0.0,Lower incident(0.17); Shortcut incident(0.50); System-wide(0.33)
Route-local tail Braess,Base-3 paths,direct-eta,0.92,0.92,0.92,False,0.0,Expectation-only,24.102211636253173,24.102211623342647,8.533054633885761e-07,1.9404475460645393e-07,3,3,0,0.024330602869699756,0.02433069641145897,0.14659132790826349,0.14659090125553118,0.8290780692220381,0.8290784023330099,,1.0000000000000013,0.6666666666666671,0.0,0.0,0.0,P1,Shortcut incident(0.50); System-wide(0.50),1.0000000000000013,0.0,Upper incident(0.50); System-wide(0.50),1.0,0.0,Lower incident(0.50); System-wide(0.50),0.0,0.0,Shortcut incident(0.50); System-wide(0.50)
Route-local tail Braess,Base-3 paths,direct-eta,0.92,0.92,0.92,False,0.2,Mean-CVaR,28.633348432383286,27.64101962569395,0.4621276647982088,0.035122606833163116,3,3,0,0.052504958599188065,0.12517143959737584,0.30121272273071453,0.4596100741316319,0.6462823186700959,0.4152184862709922,,1.0000000000000013,0.6666666666666671,0.2000000000000006,0.1333333333333336,0.1000000000000003,P1,Shortcut incident(0.50); System-wide(0.50),1.0000000000000013,0.2000000000000006,Upper incident(0.50); System-wide(0.50),1.0,0.20000000000000023,Lower incident(0.50); System-wide(0.50),0.0,0.0,Shortcut incident(0.50); System-wide(0.50)
Route-local tail Braess,Base-3 paths,direct-eta,0.92,0.92,0.92,False,0.4,Mean-CVaR,32.868430242428744,29.817857201816736,0.3431957116168158,0.023071302039350802,3,3,0,0.08384743884298738,0.2554452946513931,0.47377565976633756,0.41405391982803347,0.4423769013906795,0.33050078552057355,,1.0000000000000013,0.6666666666666671,0.400000000000001,0.2666666666666671,0.2000000000000005,P1,Shortcut incident(0.50); System-wide(0.50),1.0000000000000013,0.400000000000001,Upper incident(0.50); System-wide(0.50),1.0,0.40000000000000036,Lower incident(0.50); System-wide(0.50),0.0,0.0,Shortcut incident(0.50); System-wide(0.50)
Route-local tail Braess,Base-3 paths,direct-eta,0.92,0.92,0.92,False,0.6,Mean-CVaR,36.983616476994115,31.57646665575801,0.39244192211096224,0.039107051997357874,3,3,0,0.1189188181079683,0.27744294043224377,0.5978773683694789,0.40165640731399915,0.28320381352255003,0.3209006522537571,,1.0000000000000013,0.6666666666666671,0.6000000000000012,0.4000000000000005,0.3000000000000006,P1,Shortcut incident(0.50); System-wide(0.50),1.0000000000000013,0.6000000000000012,Upper incident(0.50); System-wide(0.50),1.0,0.6000000000000003,Lower incident(0.50); System-wide(0.50),0.0,0.0,Shortcut incident(0.50); System-wide(0.50)
Route-local tail Braess,Base-3 paths,direct-eta,0.92,0.92,0.92,False,0.8,Mean-CVaR,41.01547284038223,33.22147607291903,0.5385866087811648,0.05076655498380184,3,3,0,0.15586538602232097,0.27744294043224366,0.6709497117045831,0.40165640731399915,0.17318490227309893,0.3209006522537571,,1.0000000000000013,0.6666666666666671,0.8000000000000016,0.533333333333334,0.4000000000000008,P1,Shortcut incident(0.50); System-wide(0.50),1.0000000000000013,0.8000000000000016,Upper incident(0.50); System-wide(0.50),1.0,0.8000000000000005,Lower incident(0.50); System-wide(0.50),0.0,0.0,Shortcut incident(0.50); System-wide(0.50)
Route-local tail Braess,Base-3 paths,direct-eta,0.92,0.92,0.92,False,1.0,CVaR-only,44.95721500986805,34.8495385788888,0.6222826725846109,0.06037869092229813,3,3,0,0.18879481285407448,0.2774429404322437,0.712797743606303,0.40165640731399915,0.09840744353961928,0.32090065225375713,,1.0000000000000013,0.6666666666666671,1.0000000000000018,0.6666666666666674,0.5000000000000009,P1,Shortcut incident(0.50); System-wide(0.50),1.0000000000000013,1.0000000000000018,Upper incident(0.50); System-wide(0.50),1.0,1.0000000000000004,Lower incident(0.50); System-wide(0.50),0.0,0.0,Shortcut incident(0.50); System-wide(0.50)
Route-local tail Braess,Base-3 paths,direct-eta,0.96,0.96,0.96,False,0.0,Expectation-only,24.102211636253173,24.102211623342647,8.533054633885761e-07,1.9404475460645393e-07,3,3,0,0.024330602869699756,0.02433069641145897,0.14659132790826349,0.14659090125553118,0.8290780692220381,0.8290784023330099,,5.551115123125777e-15,2.7755575615628886e-15,0.0,0.0,0.0,P1,System-wide(1.00),5.551115123125777e-15,0.0,System-wide(1.00),2.775557561562889e-15,0.0,System-wide(1.00),0.0,0.0,System-wide(1.00)
Route-local tail Braess,Base-3 paths,direct-eta,0.96,0.96,0.96,False,0.2,Mean-CVaR,29.45114923328309,29.45114966148077,1.7465491841228698e-06,1.6231244059321255e-07,3,3,0,0.08675310572133868,0.08675302889109197,0.2975138904543287,0.2975130940099838,0.6157330038243316,0.6157338770989241,,5.551115123125777e-15,2.7755575615628886e-15,1.915134717478395e-15,9.413766062967473e-16,9.575673587391975e-16,P1,System-wide(1.00),5.551115123125777e-15,1.915134717478395e-15,System-wide(1.00),2.775557561562889e-15,9.08995101411847e-16,System-wide(1.00),0.0,0.0,System-wide(1.00)
Route-local tail Braess,Base-3 paths,direct-eta,0.96,0.96,0.96,False,0.4,Mean-CVaR,34.20938031426299,34.20937989226873,7.806915990116181e-07,5.560232015665348e-08,3,3,0,0.17440925677720204,0.1744093048060068,0.4481065775312854,0.44810618718548556,0.3774841656915133,0.3774845080085077,,5.551115123125777e-15,2.7755575615628886e-15,3.9343528435153985e-15,1.9729588333442885e-15,1.9671764217576992e-15,P1,System-wide(1.00),5.551115123125777e-15,3.9343528435153985e-15,System-wide(1.00),2.775557561562889e-15,1.9845236565174673e-15,System-wide(1.00),0.0,0.0,System-wide(1.00)
Route-local tail Braess,Base-3 paths,direct-eta,0.96,0.96,0.96,False,0.6,Mean-CVaR,38.66868636238385,38.66868433236952,1.4473258917080401e-05,6.207636016278871e-07,3,3,0,0.25969577599469507,0.2596926829412364,0.5397778492168341,0.5397737056408349,0.20052637478846966,0.2005336114179288,,8.326672684688666e-15,3.7007434154171856e-15,6.536438057480609e-15,3.1676050671336498e-15,3.2682190287403046e-15,P1,System-wide(1.00),8.326672684688666e-15,6.536438057480609e-15,System-wide(1.00),0.0,0.0,System-wide(1.00),2.775557561562889e-15,2.96637714392034e-15,System-wide(1.00)
Route-local tail Braess,Base-3 paths,direct-eta,0.96,0.96,0.96,False,0.8,Mean-CVaR,43.015494583309476,43.01549540929828,7.395015519717774e-07,1.675617562320202e-07,3,3,0,0.3216566245986447,0.32165674676603817,0.584797370350819,0.5847976179341992,0.09354600505054082,0.0935456352997625,,8.326672684688666e-15,3.7007434154171856e-15,8.694434061595757e-15,4.317148490547614e-15,4.3472170307978786e-15,P1,System-wide(1.00),8.326672684688666e-15,8.694434061595757e-15,System-wide(1.00),0.0,0.0,System-wide(1.00),2.775557561562889e-15,4.257011410047085e-15,System-wide(1.00)
Route-local tail Braess,Base-3 paths,direct-eta,0.96,0.96,0.96,False,1.0,CVaR-only,47.28370831935197,47.283707490518594,3.4857048004655055e-07,2.4046302470440957e-08,3,3,0,0.3597582319764011,0.3597582595701413,0.6041609697883725,0.604160795503131,0.03608079823522953,0.036080944926727775,,8.326672684688666e-15,3.7007434154171856e-15,1.0991207943789012e-14,5.514107688971596e-15,5.495603971894506e-15,P1,System-wide(1.00),8.326672684688666e-15,1.0991207943789012e-14,System-wide(1.00),0.0,0.0,System-wide(1.00),2.775557561562889e-15,5.551115123125775e-15,System-wide(1.00)
