Scenario,NominalProbability,Link,t0,capacity,delay,BPR_beta,BPR_gamma
Normal,0.55000000000000004,AB,3,130,0,0.14999999999999999,4
Normal,0.55000000000000004,AC,7.5,85,0,0.14999999999999999,4
Normal,0.55000000000000004,BC,0.80000000000000004,120,0,0.14999999999999999,4
Normal,0.55000000000000004,BD,14,65,0,0.14999999999999999,4
Normal,0.55000000000000004,CD,8,110,0,0.14999999999999999,4
Upper incident,0.17999999999999999,AB,3.2400000000000002,101.40000000000001,4,0.14999999999999999,4
Upper incident,0.17999999999999999,AC,7.6500000000000004,81.599999999999994,0.29999999999999999,0.14999999999999999,4
Upper incident,0.17999999999999999,BC,0.81600000000000006,115.19999999999999,0.29999999999999999,0.14999999999999999,4
Upper incident,0.17999999999999999,BD,16.52,35.75,16,0.14999999999999999,4
Upper incident,0.17999999999999999,CD,8.1600000000000001,105.59999999999999,0.29999999999999999,0.14999999999999999,4
Lower incident,0.17000000000000001,AB,3.0600000000000001,124.8,0.29999999999999999,0.14999999999999999,4
Lower incident,0.17000000000000001,AC,8.5499999999999989,52.700000000000003,10,0.14999999999999999,4
Lower incident,0.17000000000000001,BC,0.81600000000000006,115.19999999999999,0.29999999999999999,0.14999999999999999,4
Lower incident,0.17000000000000001,BD,14.280000000000001,62.399999999999999,0.29999999999999999,0.14999999999999999,4
Lower incident,0.17000000000000001,CD,8.6400000000000006,82.5,4,0.14999999999999999,4
Shortcut incident,0.059999999999999998,AB,3.0300000000000002,127.39999999999999,0.20000000000000001,0.14999999999999999,4
Shortcut incident,0.059999999999999998,AC,7.5750000000000002,83.299999999999997,0.20000000000000001,0.14999999999999999,4
Shortcut incident,0.059999999999999998,BC,1,42,24,0.14999999999999999,4
Shortcut incident,0.059999999999999998,BD,14.140000000000001,63.699999999999996,0.20000000000000001,0.14999999999999999,4
Shortcut incident,0.059999999999999998,CD,8.0800000000000001,107.8,0.20000000000000001,0.14999999999999999,4
System-wide,0.040000000000000001,AB,3.6600000000000001,75.399999999999991,10,0.14999999999999999,4
System-wide,0.040000000000000001,AC,9.1500000000000004,49.299999999999997,10,0.14999999999999999,4
System-wide,0.040000000000000001,BC,0.97599999999999998,69.599999999999994,10,0.14999999999999999,4
System-wide,0.040000000000000001,BD,17.079999999999998,37.699999999999996,10,0.14999999999999999,4
System-wide,0.040000000000000001,CD,9.7599999999999998,63.799999999999997,10,0.14999999999999999,4
