RiskCase,alpha,eta,pi_A,pi_B,D_tail_AB,D_p_AB,D_f_AB,Gap_A_at_fB,Gap_A_at_fA,Active_A_minus_Active_B,ActiveSetSymmetricDifference,Active_A,Active_B,KKT_B,GlobalGap_B,InnerRiskGap_B_per_demand,TailLawAtEtaZeroIsValueOnly,f1_A_over_q,f1_B_over_q,P1_A,P1_B,D_tail_P1,D_p_P1,f2_A_over_q,f2_B_over_q,P2_A,P2_B,D_tail_P2,D_p_P2,f3_A_over_q,f3_B_over_q,P3_A,P3_B,D_tail_P3,D_p_P3
Expectation-only,0.80000000000000004,0,24.102211636228283,24.102211636253127,1.5999999999999999,0,2.266554166574508e-11,0,7.6184999650657073e-13,0,0,3,3,3.5527136788005009e-15,0,0,True,0.024330602879284419,0.024330602869698993,0.024330602879284419,0.024330602869698993,1.5999999999999999,0,0.14659132791000945,0.14659132790826179,0.14659132791000945,0.14659132790826179,0.60000000000000009,0,0.8290780692107067,0.82907806922203908,0.8290780692107067,0.82907806922203908,0,0
Mean-CVaR,0.80000000000000004,0.20000000000000001,26.830758214697973,26.150586417651638,1.6000000000000059,0.32000000000000117,0.30968459916999819,0.021069811161426043,3.6676919276902928e-13,0,0,3,3,3.5527136788005009e-15,1.3642420526593924e-12,1.4210854715202004e-14,False,0.0097540005639531312,0.11113325050213992,0.0097540005639531312,0.11113325050213992,1.6000000000000059,0.32000000000000117,0.12955865440603068,0.1830217040528426,0.12955865440603068,0.1830217040528426,0.60000000000000009,0.12000000000000004,0.86068734503001709,0.70584504544501758,0.86068734503001709,0.70584504544501758,6.0229599085914742e-15,1.1934897514720433e-15
Mean-CVaR,0.80000000000000004,0.40000000000000002,29.555118750153277,27.908482688303433,1.4052138484079522,0.56208553936318073,0.71303457474290199,0.063035557252194133,1.0923581932536573e-12,0,0,3,3,3.5527136788005009e-15,-4.5474735088646412e-13,7.1054273576010019e-15,False,0.00088993251615106695,0.19587081186014452,0.00088993251615106695,0.19587081186014452,1.4052138484079522,0.56208553936318073,0.11391712544764346,0.27545353347510049,0.11391712544764346,0.27545353347510049,0.79478615159204868,0.31791446063681955,0.88519294203620658,0.52867565466475497,0.88519294203620658,0.52867565466475497,0.19478615159204848,0.077914460636819435
Mean-CVaR,0.80000000000000004,0.59999999999999998,32.243838039986144,29.507587130589553,1.3133713148551207,0.78802278891307243,1.1016912345143979,0.11597843630136935,1.5613449067981076e-12,-1,1,2,3,3.5527136788005009e-15,3.9549377106595784e-08,4.943636611187685e-10,False,1.1391930858244926e-11,0.26605115073061675,1.1391930858244926e-11,0.26605115073061675,1.3133713148551207,0.78802278891307243,0.099238402565201583,0.3840328691031758,0.099238402565201583,0.3840328691031758,0.88662868531160111,0.53197721118696062,0.90076159742340622,0.34991598016620745,0.90076159742340622,0.34991598016620745,0.2866286853431067,0.17197721120586401
Mean-CVaR,0.80000000000000004,0.80000000000000004,34.930442988255649,31.03935810897686,1.2265019888785353,0.98120159110282823,1.1854934782075517,0.12783260078197387,2.0415707599182197e-12,-1,1,2,3,3.5527136788005009e-15,4.195499059278518e-08,5.2442672426877834e-10,False,1.1391930858244926e-11,0.27744294043224554,1.1391930858244926e-11,0.27744294043224554,1.2265019888785353,0.98120159110282823,0.086352608631075106,0.40165640731399754,0.086352608631075106,0.40165640731399754,0.87962803692213254,0.70370242953770612,0.91364739135753259,0.32090065225375702,0.91364739135753259,0.32090065225375702,0.37349801127916948,0.29879840902333565
CVaR-only,0.80000000000000004,1,37.6198983027097,32.572827953459125,1.1670229459902972,1.1670229459902972,1.2079984322595989,0.12985027274415945,2.4800760418400569e-12,-1,1,2,3,7.1054273576010019e-15,4.4355147110763937e-08,5.5443294399992737e-10,False,1.1391930858244926e-11,0.27744294043223577,1.1391930858244926e-11,0.27744294043223577,1.1670229459902972,1.1670229459902972,0.075100131605051898,0.40165640731400698,0.075100131605051898,0.40165640731400698,0.86628301248262574,0.86628301248262574,0.9248998683835572,0.3209006522537573,0.9248998683835572,0.3209006522537573,0.43297705414307025,0.43297705414307025
Expectation-only,0.83999999999999997,0,24.102211636228283,24.102211636253127,1.5,0,2.266554166574508e-11,0,7.6184999650657073e-13,0,0,3,3,3.5527136788005009e-15,0,0,True,0.024330602879284419,0.024330602869698993,0.024330602879284419,0.024330602869698993,1.5,0,0.14659132791000945,0.14659132790826179,0.14659132791000945,0.14659132790826179,0.74999999999999978,0,0.8290780692107067,0.82907806922203908,0.8290780692107067,0.82907806922203908,0,0
Mean-CVaR,0.83999999999999997,0.20000000000000001,27.282801357063164,26.482816527136546,1.5000000000000002,0.3000000000000001,0.37639255665798615,0.02542723307320446,4.5253484315390728e-13,0,0,3,3,1.0658141036401503e-14,-6.8212102632969618e-13,1.4210854715202004e-14,False,0.016703987066158617,0.12064996831104909,0.016703987066158617,0.12064996831104909,1.5000000000000002,0.3000000000000001,0.16510177288465933,0.24935206996876164,0.16510177288465933,0.24935206996876164,0.75000000000000622,0.15000000000000127,0.81819424004918262,0.62999796172018918,0.81819424004918262,0.62999796172018918,6.4948046940571658e-15,1.27675647831893e-15
Mean-CVaR,0.83999999999999997,0.40000000000000002,30.455305956072539,28.351541800819305,1.4119631486795454,0.56478525947181812,0.86507398368108213,0.083018711690811875,4.8806397137463511e-13,0,0,3,3,3.5527136788005009e-15,0,0,False,0.010587277981657317,0.25695235622406049,0.010587277981657317,0.25695235622406049,1.4119631486795454,0.56478525947181812,0.18378611421877356,0.36995802781691123,0.18378611421877356,0.36995802781691123,0.8380368513204548,0.3352147405281819,0.80562660779956963,0.37308961595902834,0.80562660779956963,0.37308961595902834,0.088036851320454912,0.035214740528181979
Mean-CVaR,0.83999999999999997,0.59999999999999998,33.618959495415403,30.07340464235735,1.2455497279837517,0.747329836790251,0.94198019342242179,0.092491885857165917,1.8794867282479213e-13,0,0,3,3,7.1054273576010019e-15,4.0432951209368184e-08,5.0540549523248046e-10,False,0.0056844051348609731,0.27744294043224382,0.0056844051348609731,0.27744294043224382,1.2455497279837517,0.747329836790251,0.2024248459001714,0.40165640731399915,0.2024248459001714,0.40165640731399915,0.83395854457384111,0.50037512674430462,0.79189074896496847,0.32090065225375713,0.79189074896496847,0.32090065225375713,0.25445027221889238,0.15267016333133537
Mean-CVaR,0.83999999999999997,0.80000000000000004,36.773737297489468,31.796046612793742,1.1464179898367119,0.91713439186936963,0.91299746843571561,0.087472066992847486,9.8431534384789845e-14,0,0,3,3,3.5527136788005009e-15,4.3125965021317825e-08,5.3907456276647281e-10,False,0.0017662606138787492,0.27744294043224094,0.0017662606138787492,0.27744294043224094,1.1464179898367119,0.91713439186936963,0.22083435291450648,0.40165640731400154,0.22083435291450648,0.40165640731400154,0.8117168371746708,0.64937346973973686,0.77739938647161577,0.32090065225375741,0.77739938647161577,0.32090065225375741,0.35358201032540804,0.28286560826032653
CVaR-only,0.83999999999999997,1,39.908487586348315,33.518688583230187,1.0869389469484865,1.0869389469484865,0.88106229793584312,0.083224199791701911,1.3327686330067776e-13,-1,1,2,3,7.1054273576010019e-15,4.5819433580618352e-08,5.7274007758678636e-10,False,1.1391930858244926e-11,0.27744294043224371,1.1391930858244926e-11,0.27744294043224371,1.0869389469484865,1.0869389469484865,0.23856819876692986,0.40165640731399915,0.23856819876692986,0.40165640731399915,0.79837181273515512,0.79837181273515512,0.76143180122167897,0.32090065225375713,0.76143180122167897,0.32090065225375713,0.41306105318929998,0.41306105318929998
Expectation-only,0.88,0,24.102211636228283,24.102211636253127,1.3333333333333333,0,2.266554166574508e-11,0,7.6184999650657073e-13,0,0,3,3,3.5527136788005009e-15,0,0,True,0.024330602879284419,0.024330602869698993,0.024330602879284419,0.024330602869698993,1.3333333333333333,0,0.14659132791000945,0.14659132790826179,0.14659132791000945,0.14659132790826179,1,0,0.8290780692107067,0.82907806922203908,0.8290780692107067,0.82907806922203908,0,0
Mean-CVaR,0.88,0.20000000000000001,27.968590456430132,26.951586762820551,1.3333333333333333,0.26666666666666666,0.48776988475404093,0.035188348062532356,6.9944340247403515e-13,0,0,3,3,3.5527136788005009e-15,-6.8212102632969618e-13,1.0658141036401503e-14,False,0.031655623808304487,0.13045980572300717,0.031655623808304487,0.13045980572300717,1.3333333333333333,0.26666666666666666,0.23603017221978684,0.38111093268210422,0.23603017221978684,0.38111093268210422,1.0000000000000044,0.2000000000000009,0.73231420397190949,0.48842926159488859,0.73231420397190949,0.48842926159488859,4.3021142204224816e-15,8.7430063189231078e-16
Mean-CVaR,0.88,0.40000000000000002,31.716234938199896,28.981336425092817,1.3103398725481781,0.52413594901927119,0.60074684723828731,0.059754056290705633,9.2569068960960062e-13,0,0,3,3,3.5527136788005009e-15,3.8714915717719123e-08,4.8393644647148903e-10,False,0.037111065540275739,0.27744294043224327,0.037111065540275739,0.27744294043224327,1.3103398725481781,0.52413594901927119,0.34161485858682383,0.40165640731399971,0.34161485858682383,0.40165640731399971,0.76525662640403136,0.30610265056161257,0.62127407587290095,0.32090065225375708,0.62127407587290095,0.32090065225375708,0.25773683464545194,0.1030947338581808
Mean-CVaR,0.88,0.59999999999999998,35.409136448608976,31.019265272128468,1.112076396247379,0.66724583774842738,0.47204135938480557,0.040256488279894927,1.0313827638891842e-12,0,0,3,3,3.5527136788005009e-15,4.1896782931871712e-08,5.2370552339198184e-10,False,0.041422260739838498,0.27744294043224116,0.041422260739838498,0.27744294043224116,1.112076396247379,0.66724583774842738,0.44615250456455369,0.40165640731400182,0.44615250456455369,0.40165640731400182,0.72077321166139596,0.43246392699683756,0.51242523469560797,0.32090065225375702,0.51242523469560797,0.32090065225375702,0.50048372563454979,0.30029023538072985
Mean-CVaR,0.88,0.80000000000000004,39.104985491267591,33.057194119155284,1.0129446581003403,0.81035572648027232,0.46285371541370213,0.038542125749745713,1.0639935253296745e-12,0,0,3,3,0,4.5078650146024302e-08,5.6348525845351105e-10,False,0.046016082725392912,0.27744294043224355,0.046016082725392912,0.27744294043224355,1.0129446581003403,0.81035572648027232,0.53273762450277062,0.40165640731399932,0.53273762450277062,0.40165640731399932,0.69853150426221089,0.55882520340976871,0.42124629277183734,0.32090065225375713,0.42124629277183734,0.32090065225375713,0.62185717114023231,0.49748573691218584
CVaR-only,0.88,1,42.822949725722907,35.09512296618211,0.95346561521211526,0.95346561521211526,0.45153259925766615,0.04683372789880693,1.0517945784989218e-12,0,0,3,3,0,4.8260972107527778e-08,6.0325788808768266e-10,False,0.051676640803412478,0.27744294043224532,0.051676640803412478,0.27744294043224532,0.95346561521211526,0.95346561521211526,0.59787711654982678,0.40165640731399777,0.59787711654982678,0.40165640731399777,0.68518647982269876,0.68518647982269876,0.35044624264676116,0.32090065225375691,0.35044624264676116,0.32090065225375691,0.69468123844364071,0.69468123844364071
Expectation-only,0.92000000000000004,0,24.102211636228283,24.102211636253127,0.99999999999999944,0,2.266554166574508e-11,0,7.6184999650657073e-13,0,0,3,3,3.5527136788005009e-15,0,0,True,0.024330602879284419,0.024330602869698993,0.024330602879284419,0.024330602869698993,0.99999999999999944,0,0.14659132791000945,0.14659132790826179,0.14659132791000945,0.14659132790826179,0.99999999999999944,0,0.8290780692107067,0.82907806922203908,0.8290780692107067,0.82907806922203908,0,0
Mean-CVaR,0.92000000000000004,0.20000000000000001,28.63334843236461,27.641020971239936,1.000000000189265,0.20000000003785301,0.46212498631190774,0.035122315703992248,8.9017987235280765e-13,0,0,3,3,2.4108715024340199e-11,3.6347501009004191e-08,4.4981263158661022e-10,False,0.052504958604706928,0.12517068393644681,0.052504958604706928,0.12517068393644681,1.000000000189265,0.20000000003785301,0.30121272273497063,0.45960949055918432,0.30121272273497063,0.45960949055918432,1.000000000189265,0.20000000003785301,0.64628231866032293,0.41521982550436876,0.64628231866032293,0.41521982550436876,1.8926568791308436e-10,3.7853109535745944e-11
Mean-CVaR,0.92000000000000004,0.40000000000000002,32.868430242411975,30.265822128326135,1.0000000001119305,0.4000000000447721,0.3431783358473276,0.023069858557881621,1.3093670138822465e-12,0,0,3,3,3.5527136788005009e-15,4.0644863474881276e-08,5.0805937235054444e-10,False,0.083847438848686798,0.25543660677235014,0.083847438848686798,0.25543660677235014,1.0000000001119305,0.4000000000447721,0.47377565977097191,0.41405881136752043,0.47377565977097191,0.41405881136752043,0.56641753648752091,0.22656701459500839,0.44237690138034214,0.33050458186012938,0.44237690138034214,0.33050458186012938,0.4335824636780764,0.17343298547123057
Mean-CVaR,0.92000000000000004,0.59999999999999998,36.983616476979122,32.910986531670751,0.84512973277463943,0.5070778396647837,0.39244192211742457,0.039107051997357895,1.7474272011935404e-12,0,0,3,3,7.1054273576010019e-15,4.4826720113633201e-08,5.6033400142041501e-10,False,0.11891881811434242,0.27744294043224332,0.11891881811434242,0.27744294043224332,0.84512973277463943,0.5070778396647837,0.59787736837271122,0.40165640731399871,0.59787736837271122,0.40165640731399871,0.4944025458364853,0.29664152750189116,0.28320381351294682,0.32090065225375791,0.28320381351294682,0.32090065225375791,0.66046772161354417,0.39628063296812654
Mean-CVaR,0.92000000000000004,0.80000000000000004,41.015472840390608,35.579489131878326,0.78184116711922558,0.6254729336953806,0.53858660877590037,0.050766554983802697,1.7556797324751867e-12,0,0,3,3,7.1054273576010019e-15,4.8984929890139028e-08,6.1230664982758753e-10,False,0.15586538601631864,0.27744294043224538,0.15586538601631864,0.27744294043224538,0.74599799462759953,0.59679839570207971,0.67094971170194717,0.40165640731399693,0.67094971170194717,0.40165640731399693,0.47216083843730172,0.3777286707498414,0.1731849022817343,0.32090065225375763,0.1731849022817343,0.32090065225375763,0.78184116711922558,0.6254729336953806
CVaR-only,0.92000000000000004,1,44.95721500986847,38.247991732085865,0.85466523442263576,0.85466523442263576,0.62228267257965875,0.06037869092229832,1.2181532114255256e-12,0,0,3,3,7.1054273576010019e-15,5.3143139666644856e-08,6.6428640366211766e-10,False,0.18879481284842928,0.27744294043224377,0.18879481284842928,0.27744294043224377,0.68651895173937338,0.68651895173937338,0.71279774360382875,0.40165640731399932,0.71279774360382875,0.40165640731399932,0.45881581399779803,0.45881581399779803,0.098407443547742141,0.32090065225375697,0.098407443547742141,0.32090065225375697,0.85466523442263576,0.85466523442263576
Expectation-only,0.95999999999999996,0,24.102211636228283,24.102211636253127,1.7347234759768055e-15,0,2.266554166574508e-11,0,7.6184999650657073e-13,0,0,3,3,3.5527136788005009e-15,0,0,True,0.024330602879284419,0.024330602869698993,0.024330602879284419,0.024330602869698993,1.7347234759768055e-15,0,0.14659132791000945,0.14659132790826179,0.14659132791000945,0.14659132790826179,1.7347234759768055e-15,0,0.8290780692107067,0.82907806922203908,0.8290780692107067,0.82907806922203908,0,0
Mean-CVaR,0.95999999999999996,0.20000000000000001,29.451149233274915,29.451149232767687,2.1243493201653168e-10,4.2486986151502038e-11,2.1105694969492107e-11,0,1.0352478173770308e-12,0,0,3,3,2.6378899065093719e-11,4.0414306567981839e-08,4.7738524244778091e-10,False,0.086753105723151674,0.086753105721335225,0.086753105723151674,0.086753105721335225,2.1243493201653168e-10,4.2486986151502038e-11,0.29751389046306037,0.29751389045432347,0.29751389046306037,0.29751389045432347,2.1243493201653168e-10,4.2486986151502038e-11,0.61573300381378882,0.61573300382434115,0.61573300381378882,0.61573300382434115,2.1243319729305571e-10,4.2486646145700746e-11
Mean-CVaR,0.95999999999999996,0.40000000000000002,34.209380314258368,34.209380313651792,1.5827446811041859e-10,6.3309787967646969e-11,1.5932322128264787e-11,0,1.2059045766620984e-12,0,0,3,3,0,4.6260538510978222e-08,5.7825388921628473e-10,False,0.17440925677973942,0.17440925677717858,0.17440925677973942,0.17440925677717858,1.5827446811041859e-10,6.3309787967646969e-11,0.4481065775366927,0.44810657753126765,0.4481065775366927,0.44810657753126765,1.5827446811041859e-10,6.3309787967646969e-11,0.37748416568356868,0.37748416569151511,0.37748416568356868,0.37748416569151511,1.5827446811041859e-10,6.3309787967646969e-11
Mean-CVaR,0.95999999999999996,0.59999999999999998,38.668686362381351,38.668686361699251,9.3928470671580509e-11,5.6357044031507542e-11,1.6807089053827438e-11,1.2873140563865842e-12,6.1118026946562491e-13,0,0,3,3,2.1053381260571769e-11,5.7319539337186143e-08,6.65259847210109e-10,False,0.2596957759915996,0.25969577599542659,0.2596957759915996,0.25969577599542659,9.3928470671580509e-11,5.6357044031507542e-11,0.5397778492124885,0.53977784921762106,0.5397778492124885,0.53977784921762106,9.3928470671580509e-11,5.6357044031507542e-11,0.20052637479591259,0.20052637478806509,0.20052637479591259,0.20052637478806509,9.3926735948104532e-11,5.6356010136315859e-11
Mean-CVaR,0.95999999999999996,0.80000000000000004,43.015494583290675,43.015494582531481,7.8674226254450678e-11,6.2939474812506724e-11,1.7007006913871692e-11,0,4.5867894192162673e-13,0,0,3,3,1.7898571513796924e-11,6.0265847423579544e-08,7.446772087860154e-10,False,0.32165662459404959,0.32165662459753275,0.32165662459404959,0.32165662459753275,7.8674226254450678e-11,6.2939474812506724e-11,0.58479737034696766,0.58479737035198787,0.58479737034696766,0.58479737035198787,7.8674226254450678e-11,6.2939474812506724e-11,0.093546005058983167,0.093546005050479483,0.093546005058983167,0.093546005050479483,7.8672491530974701e-11,6.2938087033725942e-11
CVaR-only,0.95999999999999996,1,47.283708319316297,47.283708318492245,6.9452501601879832e-11,6.9452501601879832e-11,2.0416490720265301e-11,2.4037199124713166e-15,3.3616022975939356e-13,0,0,3,3,1.3180567748349858e-11,6.6276697907596827e-08,8.2122397770945099e-10,False,0.35975823197191581,0.35975823197589057,0.35975823197191581,0.35975823197589057,6.9452501601879832e-11,6.9452501601879832e-11,0.60416096978265776,0.604160969788892,0.60416096978265776,0.604160969788892,6.9452501601879832e-11,6.9452501601879832e-11,0.036080798245427273,0.036080798235219723,0.036080798245427273,0.036080798235219723,6.9450766878403855e-11,6.9450766878403855e-11
