alpha,eta,Scenario,Nominal,SelectedPureTail_B,SelectedTilt_B,TailIdentifiedByRiskObjective
0.80000000000000004,0,Normal,0.55000000000000004,0,0.55000000000000004,False
0.80000000000000004,0,Upper incident,0.17999999999999999,0,0.17999999999999999,False
0.80000000000000004,0,Lower incident,0.17000000000000001,0.49999999999999983,0.17000000000000001,False
0.80000000000000004,0,Shortcut incident,0.059999999999999998,0.30000000000000004,0.059999999999999998,False
0.80000000000000004,0,System-wide,0.040000000000000001,0.20000000000000004,0.040000000000000001,False
0.80000000000000004,0.20000000000000001,Normal,0.55000000000000004,0,0.44000000000000006,True
0.80000000000000004,0.20000000000000001,Upper incident,0.17999999999999999,0,0.14399999999999999,True
0.80000000000000004,0.20000000000000001,Lower incident,0.17000000000000001,0.50000000000000289,0.2360000000000006,True
0.80000000000000004,0.20000000000000001,Shortcut incident,0.059999999999999998,0.30000000000000004,0.10800000000000001,True
0.80000000000000004,0.20000000000000001,System-wide,0.040000000000000001,0.19999999999999707,0.071999999999999426,True
0.80000000000000004,0.40000000000000002,Normal,0.55000000000000004,0,0.33000000000000002,True
0.80000000000000004,0.40000000000000002,Upper incident,0.17999999999999999,0.097393075796023881,0.14695723031840957,True
0.80000000000000004,0.40000000000000002,Lower incident,0.17000000000000001,0.40260692420397565,0.26304276968159024,True
0.80000000000000004,0.40000000000000002,Shortcut incident,0.059999999999999998,0.30000000000000004,0.15600000000000003,True
0.80000000000000004,0.40000000000000002,System-wide,0.040000000000000001,0.20000000000000046,0.10400000000000018,True
0.80000000000000004,0.59999999999999998,Normal,0.55000000000000004,9.911381173622045e-11,0.22000000005946832,True
0.80000000000000004,0.59999999999999998,Upper incident,0.17999999999999999,0.14331434257243958,0.15798860554346372,True
0.80000000000000004,0.59999999999999998,Lower incident,0.17000000000000001,0.35668565734419938,0.28201139440651962,True
0.80000000000000004,0.59999999999999998,Shortcut incident,0.059999999999999998,0.2999999999842472,0.2039999999905483,True
0.80000000000000004,0.59999999999999998,System-wide,0.040000000000000001,0.20000000000000004,0.13600000000000001,True
0.80000000000000004,0.80000000000000004,Normal,0.55000000000000004,7.8852465091331712e-11,0.11000000006308196,True
0.80000000000000004,0.80000000000000004,Upper incident,0.17999999999999999,0.18674900556073226,0.18539920444858582,True
0.80000000000000004,0.80000000000000004,Lower incident,0.17000000000000001,0.36018598153893361,0.32214878523114687,True
0.80000000000000004,0.80000000000000004,Shortcut incident,0.059999999999999998,0.25306501282148153,0.21445201025718524,True
0.80000000000000004,0.80000000000000004,System-wide,0.040000000000000001,0.20000000000000004,0.16800000000000004,True
0.80000000000000004,1,Normal,0.55000000000000004,6.6683735785486329e-11,6.6683735785486329e-11,True
0.80000000000000004,1,Upper incident,0.17999999999999999,0.21648852700485136,0.21648852700485136,True
0.80000000000000004,1,Lower incident,0.17000000000000001,0.36685849375868701,0.36685849375868701,True
0.80000000000000004,1,Shortcut incident,0.059999999999999998,0.21665297916977772,0.21665297916977772,True
0.80000000000000004,1,System-wide,0.040000000000000001,0.20000000000000004,0.20000000000000004,True
0.83999999999999997,0,Normal,0.55000000000000004,0,0.55000000000000004,False
0.83999999999999997,0,Upper incident,0.17999999999999999,0,0.17999999999999999,False
0.83999999999999997,0,Lower incident,0.17000000000000001,0.37500000000000011,0.17000000000000001,False
0.83999999999999997,0,Shortcut incident,0.059999999999999998,0.37499999999999989,0.059999999999999998,False
0.83999999999999997,0,System-wide,0.040000000000000001,0.24999999999999994,0.040000000000000001,False
0.83999999999999997,0.20000000000000001,Normal,0.55000000000000004,0,0.44000000000000006,True
0.83999999999999997,0.20000000000000001,Upper incident,0.17999999999999999,0,0.14399999999999999,True
0.83999999999999997,0.20000000000000001,Lower incident,0.17000000000000001,0.37499999999999689,0.21099999999999941,True
0.83999999999999997,0.20000000000000001,Shortcut incident,0.059999999999999998,0.37499999999999989,0.12299999999999998,True
0.83999999999999997,0.20000000000000001,System-wide,0.040000000000000001,0.25000000000000322,0.082000000000000656,True
0.83999999999999997,0.40000000000000002,Normal,0.55000000000000004,0,0.33000000000000002,True
0.83999999999999997,0.40000000000000002,Upper incident,0.17999999999999999,0.044018425660227463,0.125607370264091,True
0.83999999999999997,0.40000000000000002,Lower incident,0.17000000000000001,0.33098157433977282,0.23439262973590913,True
0.83999999999999997,0.40000000000000002,Shortcut incident,0.059999999999999998,0.37499999999999989,0.18599999999999997,True
0.83999999999999997,0.40000000000000002,System-wide,0.040000000000000001,0.24999999999999978,0.12399999999999992,True
0.83999999999999997,0.59999999999999998,Normal,0.55000000000000004,1.0132208941186808e-10,0.22000000006079329,True
0.83999999999999997,0.59999999999999998,Upper incident,0.17999999999999999,0.12722513600812407,0.14833508160487444,True
0.83999999999999997,0.59999999999999998,Lower incident,0.17000000000000001,0.33302072771307945,0.26781243662784771,True
0.83999999999999997,0.59999999999999998,Shortcut incident,0.059999999999999998,0.28975413617747431,0.19785248170648456,True
0.83999999999999997,0.59999999999999998,System-wide,0.040000000000000001,0.24999999999999994,0.16599999999999998,True
0.83999999999999997,0.80000000000000004,Normal,0.55000000000000004,8.1059996522970376e-11,0.11000000006484799,True
0.83999999999999997,0.80000000000000004,Upper incident,0.17999999999999999,0.17679100508164408,0.17743280406531525,True
0.83999999999999997,0.80000000000000004,Lower incident,0.17000000000000001,0.34414158141266465,0.30931326513013169,True
0.83999999999999997,0.80000000000000004,Shortcut incident,0.059999999999999998,0.22906741342463136,0.19525393073970509,True
0.83999999999999997,0.80000000000000004,System-wide,0.040000000000000001,0.24999999999999994,0.20799999999999996,True
0.83999999999999997,1,Normal,0.55000000000000004,6.8893259382627302e-11,6.8893259382627302e-11,True
0.83999999999999997,1,Upper incident,0.17999999999999999,0.20653052652575674,0.20653052652575674,True
0.83999999999999997,1,Lower incident,0.17000000000000001,0.35081409363242244,0.35081409363242244,True
0.83999999999999997,1,Shortcut incident,0.059999999999999998,0.19265537977292757,0.19265537977292757,True
0.83999999999999997,1,System-wide,0.040000000000000001,0.24999999999999994,0.24999999999999994,True
0.88,0,Normal,0.55000000000000004,0,0.55000000000000004,False
0.88,0,Upper incident,0.17999999999999999,0,0.17999999999999999,False
0.88,0,Lower incident,0.17000000000000001,0.1666666666666666,0.17000000000000001,False
0.88,0,Shortcut incident,0.059999999999999998,0.5,0.059999999999999998,False
0.88,0,System-wide,0.040000000000000001,0.33333333333333337,0.040000000000000001,False
0.88,0.20000000000000001,Normal,0.55000000000000004,0,0.44000000000000006,True
0.88,0.20000000000000001,Upper incident,0.17999999999999999,0,0.14399999999999999,True
0.88,0.20000000000000001,Lower incident,0.17000000000000001,0.16666666666666446,0.16933333333333289,True
0.88,0.20000000000000001,Shortcut incident,0.059999999999999998,0.5,0.14800000000000002,True
0.88,0.20000000000000001,System-wide,0.040000000000000001,0.33333333333333554,0.09866666666666711,True
0.88,0.40000000000000002,Normal,0.55000000000000004,0,0.33000000000000002,True
0.88,0.40000000000000002,Upper incident,0.17999999999999999,0.011496730458659678,0.11259869218346387,True
0.88,0.40000000000000002,Lower incident,0.17000000000000001,0.28403835353073298,0.21561534141229322,True
0.88,0.40000000000000002,Shortcut incident,0.059999999999999998,0.37113158274335606,0.18445263309734244,True
0.88,0.40000000000000002,System-wide,0.040000000000000001,0.33333333326725145,0.15733333330690058,True
0.88,0.59999999999999998,Normal,0.55000000000000004,1.0499592909785404e-10,0.22000000006299758,True
0.88,0.59999999999999998,Upper incident,0.17999999999999999,0.11062846854297695,0.13837708112578617,True
0.88,0.59999999999999998,Lower incident,0.17000000000000001,0.30628006083596843,0.25176803650158108,True
0.88,0.59999999999999998,Shortcut incident,0.059999999999999998,0.24975813718272491,0.17385488230963494,True
0.88,0.59999999999999998,System-wide,0.040000000000000001,0.33333333333333337,0.21600000000000003,True
0.88,0.80000000000000004,Normal,0.55000000000000004,8.4725005397424438e-11,0.11000000006777999,True
0.88,0.80000000000000004,Upper incident,0.17999999999999999,0.16019433761649651,0.1641554700931972,True
0.88,0.80000000000000004,Lower incident,0.17000000000000001,0.31740091453556124,0.287920731628449,True
0.88,0.80000000000000004,Shortcut incident,0.059999999999999998,0.1890714144298839,0.16325713154390714,True
0.88,0.80000000000000004,System-wide,0.040000000000000001,0.33333333333333337,0.27466666666666673,True
0.88,1,Normal,0.55000000000000004,7.2560672053834652e-11,7.2560672053834652e-11,True
0.88,1,Upper incident,0.17999999999999999,0.18993385906060906,0.18993385906060906,True
0.88,1,Lower incident,0.17000000000000001,0.32407342675531731,0.32407342675531731,True
0.88,1,Shortcut incident,0.059999999999999998,0.15265938077817973,0.15265938077817973,True
0.88,1,System-wide,0.040000000000000001,0.33333333333333337,0.33333333333333337,True
0.92000000000000004,0,Normal,0.55000000000000004,0,0.55000000000000004,False
0.92000000000000004,0,Upper incident,0.17999999999999999,0,0.17999999999999999,False
0.92000000000000004,0,Lower incident,0.17000000000000001,0,0.17000000000000001,False
0.92000000000000004,0,Shortcut incident,0.059999999999999998,0.49999999999999972,0.059999999999999998,False
0.92000000000000004,0,System-wide,0.040000000000000001,0.50000000000000022,0.040000000000000001,False
0.92000000000000004,0.20000000000000001,Normal,0.55000000000000004,5.9995149195166103e-11,0.44000000001199907,True
0.92000000000000004,0.20000000000000001,Upper incident,0.17999999999999999,0,0.14399999999999999,True
0.92000000000000004,0.20000000000000001,Lower incident,0.17000000000000001,0,0.13600000000000001,True
0.92000000000000004,0.20000000000000001,Shortcut incident,0.059999999999999998,0.5000000000346374,0.14800000000692748,True
0.92000000000000004,0.20000000000000001,System-wide,0.040000000000000001,0.49999999990536736,0.13199999998107348,True
0.92000000000000004,0.40000000000000002,Normal,0.55000000000000004,0,0.33000000000000002,True
0.92000000000000004,0.40000000000000002,Upper incident,0.17999999999999999,1.3416760638223072e-11,0.10800000000536671,True
0.92000000000000004,0.40000000000000002,Lower incident,0.17000000000000001,0.21679123182562146,0.1887164927302486,True
0.92000000000000004,0.40000000000000002,Shortcut incident,0.059999999999999998,0.28320876823034374,0.14928350729213749,True
0.92000000000000004,0.40000000000000002,System-wide,0.040000000000000001,0.49999999993061806,0.22399999997224723,True
0.92000000000000004,0.59999999999999998,Normal,0.55000000000000004,1.1233485815161935e-10,0.22000000006740095,True
0.92000000000000004,0.59999999999999998,Upper incident,0.17999999999999999,0.07743513361268016,0.11846108016760809,True
0.92000000000000004,0.59999999999999998,Lower incident,0.17000000000000001,0.25279872708175721,0.21967923624905433,True
0.92000000000000004,0.59999999999999998,Shortcut incident,0.059999999999999998,0.16976613919322775,0.12585968351593665,True
0.92000000000000004,0.59999999999999998,System-wide,0.040000000000000001,0.50000000000000022,0.31600000000000011,True
0.92000000000000004,0.80000000000000004,Normal,0.55000000000000004,9.2063818189936679e-11,0.11000000007365104,True
0.92000000000000004,0.80000000000000004,Upper incident,0.17999999999999999,0.12700100268620013,0.13760080214896009,True
0.92000000000000004,0.80000000000000004,Lower incident,0.17000000000000001,0.26391958078134903,0.24513566462507924,True
0.92000000000000004,0.80000000000000004,Shortcut incident,0.059999999999999998,0.10907941644038711,0.099263533152309694,True
0.92000000000000004,0.80000000000000004,System-wide,0.040000000000000001,0.50000000000000022,0.4080000000000002,True
0.92000000000000004,1,Normal,0.55000000000000004,7.9904215063649454e-11,7.9904215063649454e-11,True
0.92000000000000004,1,Upper incident,0.17999999999999999,0.15674052413031297,0.15674052413031297,True
0.92000000000000004,1,Lower incident,0.17000000000000001,0.27059209300110065,0.27059209300110065,True
0.92000000000000004,1,Shortcut incident,0.059999999999999998,0.072667382788681775,0.072667382788681775,True
0.92000000000000004,1,System-wide,0.040000000000000001,0.50000000000000022,0.50000000000000022,True
0.95999999999999996,0,Normal,0.55000000000000004,0,0.55000000000000004,False
0.95999999999999996,0,Upper incident,0.17999999999999999,0,0.17999999999999999,False
0.95999999999999996,0,Lower incident,0.17000000000000001,0,0.17000000000000001,False
0.95999999999999996,0,Shortcut incident,0.059999999999999998,8.6736173798840276e-16,0.059999999999999998,False
0.95999999999999996,0,System-wide,0.040000000000000001,0.99999999999999911,0.040000000000000001,False
0.95999999999999996,0.20000000000000001,Normal,0.55000000000000004,5.7673661266676548e-11,0.44000000001153478,True
0.95999999999999996,0.20000000000000001,Upper incident,0.17999999999999999,0,0.14399999999999999,True
0.95999999999999996,0.20000000000000001,Lower incident,0.17000000000000001,0,0.13600000000000001,True
0.95999999999999996,0.20000000000000001,Shortcut incident,0.059999999999999998,4.8543812309993939e-11,0.048000000009708763,True
0.95999999999999996,0.20000000000000001,System-wide,0.040000000000000001,0.99999999989378252,0.2319999999787565,True
0.95999999999999996,0.40000000000000002,Normal,0.55000000000000004,0,0.33000000000000002,True
0.95999999999999996,0.40000000000000002,Upper incident,0.17999999999999999,1.3680285064148877e-11,0.10800000000547211,True
0.95999999999999996,0.40000000000000002,Lower incident,0.17000000000000001,2.6880398752191755e-11,0.10200000001075217,True
0.95999999999999996,0.40000000000000002,Shortcut incident,0.059999999999999998,3.857739934902247e-11,0.036000000015430959,True
0.95999999999999996,0.40000000000000002,System-wide,0.040000000000000001,0.99999999992086186,0.42399999996834481,True
0.95999999999999996,0.59999999999999998,Normal,0.55000000000000004,2.9869558319866341e-11,0.22000000001792178,True
0.95999999999999996,0.59999999999999998,Upper incident,0.17999999999999999,0,0.071999999999999995,True
0.95999999999999996,0.59999999999999998,Lower incident,0.17000000000000001,0,0.068000000000000005,True
0.95999999999999996,0.59999999999999998,Shortcut incident,0.059999999999999998,1.7094611847609898e-11,0.024000000010256768,True
0.95999999999999996,0.59999999999999998,System-wide,0.040000000000000001,0.99999999995303568,0.61599999997182142,True
0.95999999999999996,0.80000000000000004,Normal,0.55000000000000004,2.5986774925246355e-11,0.11000000002078941,True
0.95999999999999996,0.80000000000000004,Upper incident,0.17999999999999999,0,0.03599999999999999,True
0.95999999999999996,0.80000000000000004,Lower incident,0.17000000000000001,0,0.033999999999999996,True
0.95999999999999996,0.80000000000000004,Shortcut incident,0.059999999999999998,1.3350383004274878e-11,0.012000000010680302,True
0.95999999999999996,0.80000000000000004,System-wide,0.040000000000000001,0.99999999996066291,0.80799999996853034,True
0.95999999999999996,1,Normal,0.55000000000000004,2.3146276722901049e-11,2.3146276722901049e-11,True
0.95999999999999996,1,Upper incident,0.17999999999999999,0,0,True
0.95999999999999996,1,Lower incident,0.17000000000000001,0,0,True
0.95999999999999996,1,Shortcut incident,0.059999999999999998,1.1580023797620073e-11,1.1580023797620073e-11,True
0.95999999999999996,1,System-wide,0.040000000000000001,0.99999999996527378,0.99999999996527378,True
