alpha,lambda,eta,tail_hinge_coeff,eta_upper_bound,hinge_upper_bound
0.6,0.2,0.33333333333333326,0.8333333333333331,0.37499999999999994,0.9375
0.6,0.4,0.24999999999999994,0.6249999999999998,0.37499999999999994,0.9375
0.6,0.6,0.0,0.0,0.37499999999999994,0.9375
0.7,0.2,0.38461538461538464,1.282051282051282,0.4117647058823529,1.372549019607843
0.7,0.4,0.3333333333333333,1.111111111111111,0.4117647058823529,1.372549019607843
0.7,0.6,0.19999999999999996,0.6666666666666664,0.4117647058823529,1.372549019607843
0.8,0.2,0.42857142857142866,2.1428571428571437,0.4444444444444445,2.222222222222223
0.8,0.4,0.4,2.0000000000000004,0.4444444444444445,2.222222222222223
0.8,0.6,0.33333333333333337,1.6666666666666672,0.4444444444444445,2.222222222222223
0.8,0.8,0.0,0.0,0.4444444444444445,2.222222222222223
0.9,0.2,0.4666666666666666,4.666666666666667,0.4736842105263158,4.736842105263159
0.9,0.4,0.4545454545454546,4.545454545454547,0.4736842105263158,4.736842105263159
0.9,0.6,0.42857142857142866,4.285714285714287,0.4736842105263158,4.736842105263159
0.9,0.8,0.3333333333333335,3.3333333333333357,0.4736842105263158,4.736842105263159
0.96,0.2,0.48717948717948717,12.179487179487168,0.4897959183673469,12.24489795918367
0.96,0.4,0.48275862068965514,12.068965517241368,0.4897959183673469,12.24489795918367
0.96,0.6,0.47368421052631576,11.842105263157883,0.4897959183673469,12.24489795918367
0.96,0.8,0.44444444444444436,11.1111111111111,0.4897959183673469,12.24489795918367
