RiskCase,alpha,lambda,eta,f1_A_over_q,f2_A_over_q,f3_A_over_q,f1_B_over_q,f2_B_over_q,f3_B_over_q,pi_A,pi_B,D_tail_AB,D_p_AB,D_f_AB,Gap_A_at_fB,Active_A_minus_Active_B
Mean--CVaR,0.90,0.0,0.474,0.078,0.531,0.391,0.277,0.402,0.321,34.04,28.55,1.200,0.568,0.399,0.0334,0
Mean--CVaR,0.90,0.1,0.471,0.078,0.529,0.394,0.277,0.402,0.321,33.98,29.35,1.200,0.565,0.399,0.0331,0
Mean--CVaR,0.90,0.2,0.467,0.077,0.526,0.397,0.277,0.402,0.321,33.90,29.14,1.200,0.560,0.400,0.0328,0
Mean--CVaR,0.90,0.3,0.462,0.077,0.522,0.401,0.277,0.402,0.321,33.80,29.30,1.200,0.554,0.402,0.0324,0
Mean--CVaR,0.90,0.4,0.455,0.076,0.517,0.407,0.277,0.402,0.321,33.65,29.25,1.200,0.545,0.403,0.0318,0
Mean--CVaR,0.90,0.5,0.444,0.075,0.510,0.415,0.277,0.402,0.321,33.45,29.18,1.200,0.533,0.406,0.0310,0
Mean--CVaR,0.90,0.6,0.429,0.073,0.498,0.429,0.277,0.402,0.321,33.13,29.08,1.200,0.514,0.410,0.0297,0
Mean--CVaR,0.90,0.7,0.400,0.069,0.476,0.454,0.276,0.403,0.322,32.55,28.40,1.200,0.480,0.412,0.0296,0
Mean--CVaR,0.90,0.8,0.333,0.062,0.421,0.517,0.224,0.432,0.344,31.20,27.72,1.200,0.400,0.346,0.0318,0
Expectation-only,0.90,0.9,0.000,0.024,0.147,0.829,0.024,0.147,0.829,24.10,24.10,1.200,0.000,8.5e-7,1.9e-7,0
Mean--CVaR,0.96,0.0,0.490,0.215,0.497,0.289,0.215,0.497,0.289,36.23,36.23,0.000,0.000,1.3e-6,1.1e-7,0
Mean--CVaR,0.96,0.1,0.489,0.214,0.496,0.290,0.214,0.496,0.290,36.21,36.21,0.000,0.000,1.6e-6,1.5e-7,0
Mean--CVaR,0.96,0.2,0.487,0.214,0.496,0.291,0.214,0.496,0.291,36.17,36.17,0.000,0.000,3.4e-7,3.2e-8,0
Mean--CVaR,0.96,0.3,0.485,0.213,0.495,0.293,0.213,0.495,0.293,36.13,36.13,0.000,0.000,2.7e-7,1.1e-8,0
Mean--CVaR,0.96,0.4,0.483,0.212,0.493,0.295,0.212,0.493,0.295,36.08,36.08,0.000,0.000,1.3e-5,1.3e-6,0
Mean--CVaR,0.96,0.5,0.479,0.210,0.492,0.298,0.210,0.492,0.298,36.00,36.00,0.000,0.000,3.2e-6,1.5e-7,0
Mean--CVaR,0.96,0.6,0.474,0.208,0.489,0.303,0.208,0.489,0.303,35.87,35.87,0.000,0.000,4.2e-6,3.8e-7,0
Mean--CVaR,0.96,0.7,0.464,0.203,0.484,0.312,0.203,0.484,0.312,35.66,35.66,0.000,0.000,3.3e-6,3.0e-7,0
Mean--CVaR,0.96,0.8,0.444,0.195,0.474,0.332,0.195,0.474,0.332,35.22,35.22,0.000,0.000,1.0e-5,8.7e-7,0
Mean--CVaR,0.96,0.9,0.375,0.163,0.432,0.405,0.163,0.432,0.405,33.64,33.64,0.000,0.000,9.0e-7,1.8e-7,0
