RiskCase,alpha,alpha_requested,alpha_used,alpha_is_limit,lambda,eta,tail_hinge_coeff,f1_A_over_q,f2_A_over_q,f3_A_over_q,f1_B_over_q,f2_B_over_q,f3_B_over_q,pi_A,pi_B,ActiveCount,Active_A,Active_B,D_tail_AB,Mean_D_tail_AB,D_p_AB,Mean_D_p_AB,TailTV_max_AB,D_f_AB,Gap_A_at_fB,Active_A_minus_Active_B,WorstTailPath,TailSet_B_at_fB,TailSet_A_P1_at_fB,TailSet_A_P2_at_fB,TailSet_A_P3_at_fB,MeanPotential,CVaRPotential,CEPotential,SystemTailSelector
Mean-CVaR,0.9,0.9,0.9,False,0.0,0.4736842105263158,4.736842105263159,0.07811708463772729,0.530846648609186,0.3910362667530839,0.2774429404322438,0.40165640731399915,0.320900652253757,34.03962910987454,28.548757699915505,3,3,3,1.2000000000000024,0.8000000000000015,0.56842105263158,0.37894736842105337,0.28421052631579,0.3986517115890302,0.033384599793343114,0,P2,Upper incident(0.60); System-wide(0.40),Upper incident(0.60); System-wide(0.40),Lower incident(0.60); System-wide(0.40),Shortcut incident(0.60); System-wide(0.40),1537.5934711417235,2430.6747597471826,1960.6319762706253,Upper incident(0.33); System-wide(1.00)
Mean-CVaR,0.9,0.9,0.9,False,0.1,0.4705882352941177,4.705882352941178,0.07773845324993449,0.5287245424615075,0.39353700428856103,0.2774429404322437,0.40165640731399926,0.3209006522537571,33.977340441272574,29.35403690234206,3,3,3,1.200000000000002,0.8000000000000008,0.5647058823529424,0.3764705882352947,0.2823529411764712,0.3994089743646214,0.03313803429187055,0,P1,Shortcut incident(0.60); System-wide(0.40),Upper incident(0.60); System-wide(0.40),Lower incident(0.60); System-wide(0.40),Shortcut incident(0.60); System-wide(0.40),1537.5934711417237,2430.67475974718,1957.867018720762,Shortcut incident(1.00); System-wide(1.00)
Mean-CVaR,0.9,0.9,0.9,False,0.2,0.4666666666666666,4.666666666666667,0.07726022439286334,0.526015515935509,0.3967242596716317,0.2774429404322437,0.40165640731399915,0.3209006522537571,33.89842986958726,29.143064159486116,3,3,3,1.2000000000000024,0.800000000000001,0.560000000000001,0.3733333333333338,0.2800000000000005,0.4003654320787648,0.03282449270272444,0,P1,Lower incident(0.60); System-wide(0.40),Upper incident(0.60); System-wide(0.40),Lower incident(0.60); System-wide(0.40),Shortcut incident(0.60); System-wide(0.40),1537.5934711417235,2430.6747597471804,1954.3647391576033,Lower incident(0.35); System-wide(1.00)
Mean-CVaR,0.9,0.9,0.9,False,0.3,0.4615384615384617,4.615384615384618,0.07663714110904861,0.5224375011061738,0.40092535778477795,0.2774429404322437,0.40165640731399926,0.32090065225375713,33.79521923838038,29.29522711999862,3,3,3,1.200000000000002,0.8000000000000008,0.5538461538461552,0.36923076923076986,0.2769230769230776,0.4016115986463905,0.03241239639457131,0,P1,Shortcut incident(0.60); System-wide(0.40),Upper incident(0.60); System-wide(0.40),Lower incident(0.60); System-wide(0.40),Shortcut incident(0.60); System-wide(0.40),1537.5934711417237,2430.67475974718,1949.784835113473,Shortcut incident(1.00); System-wide(1.00)
Mean-CVaR,0.9,0.9,0.9,False,0.4,0.4545454545454546,4.545454545454547,0.07579161845522772,0.5174937512082455,0.4067146303365258,0.2774429404322438,0.4016564073139991,0.3209006522537571,33.65444021184295,29.24940497353331,3,3,3,1.200000000000002,0.8000000000000008,0.5454545454545465,0.36363636363636415,0.27272727272727326,0.40330264395403115,0.031846612862428444,0,P1,Shortcut incident(0.60); System-wide(0.40),Upper incident(0.60); System-wide(0.40),Lower incident(0.60); System-wide(0.40),Shortcut incident(0.60); System-wide(0.40),1537.5934711417235,2430.6747597471795,1943.539511416931,Shortcut incident(1.00); System-wide(1.00)
Mean-CVaR,0.9,0.9,0.9,False,0.5,0.44444444444444453,4.444444444444446,0.07457856617391519,0.5102216017316173,0.41519983209446537,0.2774429404322438,0.4016564073139991,0.32090065225375713,33.45101365611754,29.182585447938216,3,3,3,1.200000000000002,0.8000000000000008,0.5333333333333345,0.3555555555555561,0.2666666666666673,0.4057287485166551,0.031021461690798214,0,P1,Shortcut incident(0.60); System-wide(0.40),Upper incident(0.60); System-wide(0.40),Lower incident(0.60); System-wide(0.40),Shortcut incident(0.60); System-wide(0.40),1537.5934711417235,2430.6747597471795,1934.5184882997041,Shortcut incident(1.00); System-wide(1.00)
Mean-CVaR,0.9,0.9,0.9,False,0.6,0.42857142857142866,4.285714285714287,0.07269135017838133,0.4984837480381546,0.4288249017834641,0.27744294043224377,0.40165640731399915,0.3209006522537571,33.13114038510129,29.075909476112372,3,3,3,1.200000000000002,0.8000000000000008,0.5142857142857153,0.3428571428571434,0.2571428571428577,0.4095031805077249,0.029705556901311318,0,P1,Shortcut incident(0.60); System-wide(0.40),Upper incident(0.60); System-wide(0.40),Lower incident(0.60); System-wide(0.40),Shortcut incident(0.60); System-wide(0.40),1537.5934711417235,2430.6747597471795,1920.3425948297763,Shortcut incident(1.00); System-wide(1.00)
Mean-CVaR,0.9,0.9,0.9,False,0.7,0.40000000000000013,4.000000000000003,0.0693483600256147,0.4764273062598289,0.4542243337145562,0.2755686991671416,0.40271362412623085,0.32171767670662765,32.55464509047427,28.404283710596836,3,3,3,1.2000000000000024,0.800000000000001,0.480000000000001,0.3200000000000005,0.2400000000000005,0.41244067828305353,0.029640908223043994,0,P1,Lower incident(0.60); System-wide(0.40),Upper incident(0.60); System-wide(0.40),Lower incident(0.60); System-wide(0.40),Shortcut incident(0.60); System-wide(0.40),1536.9768858892044,2431.4290152063263,1894.7577376160532,Lower incident(0.35); System-wide(1.00)
Mean-CVaR,0.9,0.9,0.9,False,0.8,0.3333333333333335,3.3333333333333357,0.061755310662946164,0.42086199558380494,0.5173826937532469,0.22413429988684905,0.431656666497546,0.3442090336156049,31.204285130799747,27.721860733857028,3,3,3,1.2000000000000024,0.800000000000001,0.4000000000000008,0.2666666666666671,0.2000000000000004,0.3463473202752859,0.03178563906880016,0,P1,Lower incident(0.60); System-wide(0.40),Upper incident(0.60); System-wide(0.40),Lower incident(0.60); System-wide(0.40),Shortcut incident(0.60); System-wide(0.40),1520.308047909125,2452.7458676021165,1831.1206544734557,Lower incident(0.35); System-wide(1.00)
Expectation-only,0.9,0.9,0.9,False,0.9,0.0,0.0,0.024330602869699756,0.14659132790826349,0.8290780692220381,0.02433069641145897,0.14659090125553118,0.8290784023330099,24.102211636253173,24.102211623342647,3,3,3,1.200000000000002,0.8000000000000008,0.0,0.0,0.0,8.533054633885761e-07,1.9404475460645393e-07,0,P1,Shortcut incident(0.60); System-wide(0.40),Upper incident(0.60); System-wide(0.40),Lower incident(0.60); System-wide(0.40),Shortcut incident(0.60); System-wide(0.40),1367.4625369565679,3012.5153580232327,1367.4625369565679,Shortcut incident(1.00); System-wide(1.00)
Mean-CVaR,0.96,0.96,0.96,False,0.0,0.4897959183673469,12.244897959183662,0.21466087302192466,0.49676365260376265,0.2885754743743153,0.21466143048387876,0.49676298319824747,0.2885755863178739,36.2329240988134,36.23292163449544,3,3,3,8.326672684688666e-15,3.7007434154171856e-15,5.1486592766991635e-15,2.5165055224836883e-15,2.5743296383495817e-15,1.3388110279066722e-06,1.0584027277017272e-07,0,P1,System-wide(1.00),System-wide(1.00),System-wide(1.00),System-wide(1.00),1531.664389458259,3293.5281545220837,2394.6180703058462,System-wide(1.00)
Mean-CVaR,0.96,0.96,0.96,False,0.1,0.48863636363636365,12.215909090909081,0.21415553399713697,0.49621911732467827,0.28962534867818857,0.21415580787673555,0.49621963887013776,0.2896245532531268,36.20706199844453,36.207061880220124,3,3,3,8.326672684688666e-15,3.7007434154171856e-15,5.162537064506978e-15,2.5211314517529595e-15,2.581268532253489e-15,1.5908501198147463e-06,1.52168994406854e-07,0,P1,System-wide(1.00),System-wide(1.00),System-wide(1.00),System-wide(1.00),1531.3039406002983,3293.9427785774355,2392.593372793672,System-wide(1.00)
Mean-CVaR,0.96,0.96,0.96,False,0.2,0.48717948717948717,12.179487179487168,0.21351989406623056,0.49553198939521337,0.290948116538552,0.21352005048211056,0.4955320042173435,0.290947945300546,36.174560173714966,36.17455974164825,3,3,3,8.326672684688666e-15,3.7007434154171856e-15,5.079270337660091e-15,2.5118795932144167e-15,2.5396351688300456e-15,3.42476016124138e-07,3.154474650774773e-08,0,P1,System-wide(1.00),System-wide(1.00),System-wide(1.00),System-wide(1.00),1530.849736453356,3294.466314885407,2390.0475567151243,System-wide(1.00)
Mean-CVaR,0.96,0.96,0.96,False,0.3,0.4852941176470588,12.13235294117646,0.21269611512972103,0.4946378432128963,0.2926660416573793,0.21269607448431968,0.494637750353498,0.2926661751621823,36.13248495663032,36.132484957287886,3,3,3,8.326672684688666e-15,3.7007434154171856e-15,5.065392549852277e-15,2.501471252358556e-15,2.5326962749261384e-15,2.6700960265024776e-07,1.1043707883177471e-08,0,P1,System-wide(1.00),System-wide(1.00),System-wide(1.00),System-wide(1.00),1530.2604834465315,3295.1467763813303,2386.749419723713,System-wide(1.00)
Mean-CVaR,0.96,0.96,0.96,False,0.4,0.48275862068965514,12.068965517241368,0.21158620062394298,0.4934265812902462,0.294987218085811,0.2115886446015139,0.49343084650674196,0.2949805088917441,36.07587580525551,36.07587399638669,3,3,3,8.326672684688666e-15,3.7007434154171856e-15,5.051514762044462e-15,2.4968453230892842e-15,2.525757381022231e-15,1.341838813364582e-05,1.2620474943212676e-06,0,P1,System-wide(1.00),System-wide(1.00),System-wide(1.00),System-wide(1.00),1529.4675870819465,3296.064602717162,2382.3075256644643,System-wide(1.00)
Mean-CVaR,0.96,0.96,0.96,False,0.5,0.47916666666666663,11.979166666666655,0.21000984673866357,0.4916932779598813,0.2982968753014536,0.21000947943293577,0.4916920635569908,0.2982984570100734,35.995629197454434,35.99562879605645,3,3,3,8.326672684688666e-15,3.7007434154171856e-15,5.009881398621019e-15,2.474872159060245e-15,2.5049406993105094e-15,3.1634172380723414e-06,1.501537486068303e-07,0,P1,System-wide(1.00),System-wide(1.00),System-wide(1.00),System-wide(1.00),1528.3331880987134,3297.3830269210493,2376.0029025344156,System-wide(1.00)
Mean-CVaR,0.96,0.96,0.96,False,0.6,0.47368421052631576,11.842105263157883,0.2075951695626316,0.4890082062144798,0.3033966242228844,0.20759578564645298,0.48900967391244227,0.30339454044110475,35.87303130641047,35.87303121394825,3,3,3,8.326672684688666e-15,3.7007434154171856e-15,5.065392549852277e-15,2.507253663945145e-15,2.5326962749261384e-15,4.167563563495235e-06,3.840661662987353e-07,0,P1,System-wide(1.00),System-wide(1.00),System-wide(1.00),System-wide(1.00),1526.5945873135365,3299.4138834230384,2366.351095996985,System-wide(1.00)
Mean-CVaR,0.96,0.96,0.96,False,0.7,0.46428571428571425,11.607142857142845,0.20343283080016486,0.4842929451096456,0.3122742240901894,0.20343317802812116,0.48429423948073325,0.3122725824911456,35.66252525842266,35.66252565346727,3,3,3,8.326672684688666e-15,3.7007434154171856e-15,4.884981308350689e-15,2.419361007828987e-15,2.4424906541753444e-15,3.283198087755679e-06,2.963804407764607e-07,0,P1,System-wide(1.00),System-wide(1.00),System-wide(1.00),System-wide(1.00),1523.5782187518544,3302.968697708545,2349.7237982674606,System-wide(1.00)
Mean-CVaR,0.96,0.96,0.96,False,0.8,0.44444444444444436,11.1111111111111,0.19456240544222106,0.47386418273572756,0.33157341182205324,0.19456415483000916,0.47386754335111914,0.3315683018188718,35.21662691166803,35.21662477979275,3,3,3,8.326672684688666e-15,3.7007434154171856e-15,4.767020111984266e-15,2.3430331748860076e-15,2.383510055992133e-15,1.0220006361127964e-05,8.693275029150402e-07,0,P1,System-wide(1.00),System-wide(1.00),System-wide(1.00),System-wide(1.00),1517.075182257177,3310.7667992120537,2314.271456459344,System-wide(1.00)
Mean-CVaR,0.96,0.96,0.96,False,0.9,0.37499999999999983,9.374999999999988,0.16299629118201092,0.43215007968178965,0.40485362913619766,0.16299584339146783,0.4321500791167955,0.4048540774917367,33.63682007709555,33.636821568126095,3,3,3,5.551115123125777e-15,2.7755575615628886e-15,3.656797087359109e-15,1.8388068845354155e-15,1.8283985436795547e-15,8.967110762814201e-07,1.7895284491637974e-07,0,P1,System-wide(1.00),System-wide(1.00),System-wide(1.00),System-wide(1.00),1492.9999979871393,3341.2262852202507,2186.084855699556,System-wide(1.00)
