Model,alpha,beta_PS,MaxCloneDistortion_TV,MeanCloneDistortion_TV
Model A,0.84,0.0,0.02063724436932104,0.008130588092648596
Model A,0.84,0.5,0.012432603308937754,0.008201827041002134
Model A,0.84,1.0,0.016188257183587244,0.015409688753188551
Model A,0.84,1.5,0.026902338189849204,0.025984992984482123
Model A,0.84,2.0,0.041669858170510166,0.03768293365222511
Model A,0.88,0.0,0.03174276783436823,0.027836864981850354
Model A,0.88,0.5,0.016266874723206957,0.015318922133097152
Model A,0.88,1.0,0.017836580141646872,0.014526768116769267
Model A,0.88,1.5,0.03232853492920684,0.02709308972011488
Model A,0.88,2.0,0.047779312712947816,0.04352699646020411
Model A,0.92,0.0,0.05763285331458834,0.04692349825430852
Model A,0.92,0.5,0.0291023983696283,0.02396886785237001
Model A,0.92,1.0,0.01758043504113644,0.01110901489117323
Model A,0.92,1.5,0.03449517203195834,0.02842483723204494
Model A,0.92,2.0,0.05721416906975602,0.051484985250102144
Model A,0.96,0.0,0.07255007955785313,0.053103100781429706
Model A,0.96,0.5,0.03771018423173819,0.027587741332170398
Model A,0.96,1.0,0.016185571536085255,0.010216944676574583
Model A,0.96,1.5,0.03588520088852275,0.027930463317303346
Model A,0.96,2.0,0.06694545414877118,0.05296916801165814
Model B,0.84,0.0,0.05843738758934168,0.021103942434272827
Model B,0.84,0.5,0.03981556073995063,0.01116488098851731
Model B,0.84,1.0,0.017157911402730347,0.005747204801649475
Model B,0.84,1.5,0.037851793092985975,0.009721549802719153
Model B,0.84,2.0,0.07882028149299944,0.020382751357507303
Model B,0.88,0.0,0.07785750523156788,0.019659852222167824
Model B,0.88,0.5,0.045324536120681644,0.011148402072772385
Model B,0.88,1.0,0.016774070280656264,0.004586225582773542
Model B,0.88,1.5,0.03943168352309227,0.012701189157198539
Model B,0.88,2.0,0.07995478728402822,0.021774435779584215
Model B,0.92,0.0,0.08731425827201186,0.022891312384764353
Model B,0.92,0.5,0.04527781912576721,0.010802379741155676
Model B,0.92,1.0,0.017485558235304864,0.0031105093889185966
Model B,0.92,1.5,0.04049009795651502,0.012929866379793568
Model B,0.92,2.0,0.07956659314080189,0.02414224823391188
Model B,0.96,0.0,0.07255007955785313,0.053103100781429706
Model B,0.96,0.5,0.03771018423173819,0.027587741332170398
Model B,0.96,1.0,0.016185571536085255,0.010216944676574583
Model B,0.96,1.5,0.03588520088852275,0.027930463317303346
Model B,0.96,2.0,0.06694545414877118,0.05296916801165814
