RiskCase,alpha,eta,Model,Network,rho,P1,P2,P3,pi_od,ActiveCount,QStarNormal,QStarUpper,QStarLower,QStarShortcut,QStarSystemWide,RobustTiltShortcut,RobustTiltSystemWide,MeanTest,VaRTest,CVaRTest,CETest,TestTailSet,Objective,t_RU,kappa,Iterations,Residual,CPUSeconds,WallSeconds
Expectation-only,0.96,0.0,Wasserstein DRO Model B,Before,0.05,0.06608021023922336,0.17878918442850533,0.7551306053322713,24.524797616547644,3,0.5454545454545454,0.14054377797758882,0.18181818181818177,0.09090907757903412,0.04127441717064982,0.09090907757903412,0.04127441717064982,1547.1409436922527,3500.2182864882952,3500.2182864882952,1547.1409436922527,System-wide(0.57),1808.4289015592171,4605.9519847085885,1678.7373394999881,58,1.1596057447604835e-11,0.03344574989750981,0.06191762536764145
Expectation-only,0.96,0.0,Wasserstein DRO Model B,Before,0.1,0.06996024750550486,0.20969636762308103,0.720343384871414,25.584761540060562,3,0.5454545454545453,0.09926936254318823,0.18181818181818182,0.09090907584278493,0.0825488343412996,0.09090907584278493,0.0825488343412996,1550.6290557737223,3483.7690573978807,3483.7690573978807,1550.6290557737223,System-wide(0.57),1891.912353087651,4842.334192423158,1660.36433014798,72,1.4106262824498117e-09,0.04346070811152458,0.07297408301383257
Expectation-only,0.96,0.0,Wasserstein DRO Model B,Before,0.2,0.0785891019327146,0.2782542207579563,0.6431566773093291,27.35357688168463,3,0.5454545454545454,0.01672053267357606,0.18181818181818182,0.09090907137109744,0.16509766868259929,0.09090907137109744,0.16509766868259929,1558.615585235872,3447.920262072896,3447.920262072896,1558.615585235872,System-wide(0.57),2055.963989994939,5350.876185280422,1619.9964579981645,57,1.9258550310041755e-10,0.03236712468788028,0.0605104579590261
Mean-CVaR,0.96,0.2,Wasserstein DRO Model B,Before,0.05,0.13769098199233398,0.3251162960844306,0.5371927219232354,29.574787276099414,3,0.5395360512241224,0.1477366266235634,0.18181818181818182,0.09090909090909091,0.04000004942504139,0.07272727272727274,0.23200003954003312,1579.2806543762615,3398.6659000595723,3398.665900059572,1943.157703512924,System-wide(0.57),2207.570826101879,3323.180813478439,1505.2709878588075,125,8.208189683500677e-11,0.0734710842370987,0.11478116689249873
Mean-CVaR,0.96,0.2,Wasserstein DRO Model B,Before,0.1,0.11718406712874355,0.36884763851126806,0.5139682943599884,30.469305777599892,3,0.4775314493531784,0.18181761671916452,0.18181818181818185,0.0909090909090909,0.06792366120038446,0.07272727272727271,0.2543389289603075,1577.3089686850199,3388.897571591047,3388.897571591047,1939.6266892662252,System-wide(0.57),2271.5349655449695,3388.897571591058,1241.0311818834448,113,6.366462912410498e-12,0.06511808419600129,0.10736237512901425
Mean-CVaR,0.96,0.2,Wasserstein DRO Model B,Before,0.2,0.13896117925177948,0.4158710309158445,0.44516778983237604,32.0173557234469,3,0.40960773699512776,0.18181780056896626,0.1818181818181818,0.09090909090909091,0.13584718970863308,0.07272727272727275,0.30867775176690654,1587.856992669118,3358.691209611331,3358.6912096113306,1942.0238360575609,System-wide(0.57),2394.185157833126,3358.691209611329,1212.292561542629,107,1.5120349416974932e-11,0.06266754167154431,0.10382608324289322
Mean-CVaR,0.96,0.4,Wasserstein DRO Model B,Before,0.05,0.2199663084661502,0.45606357531691905,0.3239701162169308,34.18903190542865,3,0.5395359868864358,0.1477367048144143,0.18181818181818182,0.09090909090909091,0.04000003557187713,0.05454545454545454,0.4240000213431263,1615.598749313202,3307.886601617227,3307.886601617227,2292.5138902348117,System-wide(0.57),2575.805211723861,3244.791566610433,1298.8545757127704,115,5.6843418860808015e-12,0.06852154200896621,0.09380054194480181
Mean-CVaR,0.96,0.4,Wasserstein DRO Model B,Before,0.1,0.19976994538514165,0.48661254465062587,0.3136175099642325,34.87596853376172,3,0.4775311958644803,0.1818179247889448,0.18181818181818182,0.09090909090909091,0.06792360661930216,0.05454545454545454,0.4407541639715813,1612.5364426422227,3303.517733476253,3303.517733476253,2288.928958975835,System-wide(0.57),2622.682218673271,3303.5177334762457,868.1306022466864,123,8.185452315956354e-12,0.07109716720879078,0.09560474986210465
Mean-CVaR,0.96,0.4,Wasserstein DRO Model B,Before,0.2,0.21546166678334497,0.5096414768097822,0.2748968564068729,35.98197340454145,3,0.4096076167391147,0.18181794671845466,0.18181818181818182,0.09090909090909097,0.13584716381515782,0.05454545454545458,0.4815082982890947,1619.5708023569814,3288.1445607563855,3288.1445607563855,2287.0003057167432,System-wide(0.57),2708.9010268244037,3288.1445607563787,856.4526179278442,113,1.5234036254696548e-11,0.0638435841538012,0.08821595879271626
Mean-CVaR,0.96,0.6,Wasserstein DRO Model B,Before,0.05,0.26083150399580257,0.5339318271304467,0.20523666887375064,38.700196701200454,3,0.5395364996677655,0.18181818181818182,0.18181818181818182,0.056826990712128524,0.040000145983742325,0.02273079628485141,0.6160000583934969,1635.9472135315732,3261.694967817609,3261.6949678176093,2611.3958661031947,System-wide(0.57),2922.604477207591,3249.8885528851442,677.0543786940947,111,1.6513013179064728e-10,0.06369066564366221,0.0870594591833651
Mean-CVaR,0.96,0.6,Wasserstein DRO Model B,Before,0.1,0.2736221049356332,0.5540697021579138,0.17230819290645288,39.08636430168316,3,0.47753381492600355,0.18181818181818182,0.18181818181818182,0.09090565088307964,0.0679241705545531,0.03636226035323186,0.6271696682218212,1642.0686057021157,3249.6135711778966,3249.613571177897,2606.5955849875845,System-wide(0.57),2950.936149086283,3249.6135711778265,550.4041544745604,98,7.003083527449543e-11,0.05595008283853531,0.0788162499666214
Mean-CVaR,0.96,0.6,Wasserstein DRO Model B,Before,0.2,0.2790815058489605,0.5591205252707613,0.16179796888027825,39.77886185818127,3,0.48441025682628863,0.18181792381544298,0.18181818181818182,0.0,0.1519536375400865,0.0,0.6607814550160346,1644.3227840042177,3245.8570073320243,3245.8570073320248,2605.243318000902,System-wide(0.57),3005.8359751564826,3245.8570073320234,548.358841058009,106,5.684341886080802e-14,0.06053487490862608,0.08342291601002216
Mean-CVaR,0.96,0.8,Wasserstein DRO Model B,Before,0.05,0.3217331240514806,0.5818329446703244,0.09643393127819491,43.032571565683526,3,0.5454545454545454,0.18181785140047926,0.1818181818181818,0.04963500415614381,0.04127441717064978,0.00992700083122876,0.80825488343413,1660.398959372174,3223.6980660679883,3223.6980660679883,2911.0382447288257,System-wide(0.57),3252.1223618595905,3223.69806606781,287.3224764038744,105,1.7826074794103123e-10,0.05931591708213091,0.0820690831169486
Mean-CVaR,0.96,0.8,Wasserstein DRO Model B,Before,0.1,0.31959826402803965,0.577714888751603,0.10268684722035741,43.205392541598,3,0.5454545454545454,0.18181783879918068,0.1818181818181818,0.00836059958679256,0.08254883434129942,0.0016721199173585118,0.8165097668682599,1659.249253982,3225.8205478613895,3225.8205478613895,2912.506289085512,System-wide(0.57),3266.456400550108,3225.820547861375,286.0314572885387,113,1.4551915228366852e-11,0.06455608271062374,0.08741083322092891
Mean-CVaR,0.96,0.8,Wasserstein DRO Model B,Before,0.2,0.3215493017541271,0.5795944611980359,0.09885623704783705,43.56230673697654,3,0.4844104214800731,0.18181772370847346,0.18181818181818185,0.0,0.1519536729932717,0.0,0.8303907345986544,1660.0892246572357,3224.5473939097815,3224.5473939097815,2911.6557600592723,System-wide(0.57),3293.464517327215,3224.5473939097496,268.06011950719824,100,3.1377567211166024e-11,0.05616870895028114,0.07897183299064636
CVaR-only,0.96,1.0,Wasserstein DRO Model B,Before,0.05,0.3597581292669653,0.6041611383344306,0.03608073239860413,47.28370861848606,3,0.5454545454545454,0.14054376464753202,0.1818181818181818,0.09090909090909091,0.04127441717064981,0.0,0.9999999713939787,1675.4441926294667,3204.9069725030495,3204.906972503049,3204.906972503049,System-wide(0.57),3569.366891556531,3204.9069725030495,4.987894486557239e-16,105,6.986336165953673e-15,0.058594583068042994,0.0814491668716073
CVaR-only,0.96,1.0,Wasserstein DRO Model B,Before,0.1,0.3597594574473907,0.6041600567001665,0.03608048585244307,47.283704672557064,3,0.5454545454545454,0.09926934747688221,0.18181818181818177,0.09090909090909094,0.08254883434129962,0.0,0.9999999713940119,1675.4445118935232,3204.906978354583,3204.9069783545833,3204.9069783545833,System-wide(0.57),3569.366891558564,3204.9069783550535,0.0,102,1.4210854715202004e-14,0.05836233403533697,0.08161729108542204
CVaR-only,0.96,1.0,Wasserstein DRO Model B,Before,0.2,0.35975832072536895,0.6041608526076097,0.03608082666702151,47.28370741108141,3,0.5454545454545455,0.016720513135582597,0.18181818181818182,0.09090909090909093,0.16509766868259926,0.0,0.9999999713939896,1675.4442236271138,3204.9070173270084,3204.907017327008,3204.907017327008,System-wide(0.57),3569.3668915565163,3204.907017327007,0.0,92,4.547473508864641e-13,0.05201479094102979,0.07489962503314018
