RiskCase,alpha,eta,Model,rho,P1Before,P2Before,P3Before,P1After,P2After,P3After,piBefore,piAfter,ActiveBefore,ActiveAfter,DeltaActive,MeanTestBefore,MeanTestAfter,DeltaMeanTest,CVaRTestBefore,CVaRTestAfter,DeltaCVaRTest,CETestBefore,CETestAfter,DeltaCETest,DecisionByCE,QStarSystemWideBefore,QStarSystemWideAfter,RobustTiltSystemWideBefore,RobustTiltSystemWideAfter,ObjectiveBefore,ObjectiveAfter,t_RUBefore,t_RUAfter,kappaBefore,kappaAfter,IterationsBefore,IterationsAfter,CPUSecondsBefore,CPUSecondsAfter,WallSecondsBefore,WallSecondsAfter
Expectation-only,0.92,0.0,Empirical Model B-SP,0.0,0.030282988515587035,0.1673637459171752,0.8023532655672378,0.061306435679374216,0.3010262924727786,0.6376672718478471,23.454843969179876,24.34211241220813,3,3,0,1536.772121072126,1560.1016364485154,23.32951537638928,3411.382913578576,3037.064808633266,-374.3181049453101,1536.772121072126,1560.1016364485154,23.32951537638928,Do not improve,0.0,0.0,0.0,0.0,,,,,0.0,0.0,20,18,0.02951233321800828,0.0289256670512259,0.03054770827293396,0.02958095818758011
Expectation-only,0.92,0.0,Wasserstein DRO Model B,0.05,0.06608021023922336,0.17878918442850533,0.7551306053322713,0.06614279851323854,0.30596281096190303,0.6278943905248583,24.524797616547644,25.40981908907684,3,3,0,1547.1409436922527,1561.785342487935,14.644398795682264,3380.2491923322714,3036.620180866291,-343.6290114659805,1547.1409436922527,1561.785342487935,14.644398795682264,Do not improve,0.04127441717064982,0.041274417517768225,0.04127441717064982,0.041274417517768225,1808.4289015592171,1882.8919895768036,4605.9519847085885,3315.5253399094076,1678.7373394999881,1594.9195831915654,58,57,0.036441583186388016,0.03577333316206932,0.07782037509605289,0.06758500030264258
Expectation-only,0.92,0.0,Wasserstein DRO Model B,0.1,0.06996024750550486,0.20969636762308103,0.720343384871414,0.07107184234601024,0.31077837696259814,0.6181497806913915,25.584761540060562,26.47266855830508,3,3,0,1550.6290557737223,1563.4909146919917,12.86185891826949,3358.575947661981,3036.180290794343,-322.3956568676381,1550.6290557737223,1563.4909146919917,12.86185891826949,Do not improve,0.0825488343412996,0.08254883434129962,0.0825488343412996,0.08254883434129962,1891.912353087651,1962.5997543758824,4842.334192423158,3436.25886268537,1660.36433014798,1593.3939463424624,72,63,0.04677454195916653,0.039002999663352966,0.08222291572019458,0.06730049988254905
Expectation-only,0.92,0.0,Wasserstein DRO Model B,0.2,0.0785891019327146,0.2782542207579563,0.6431566773093291,0.12979854633891102,0.2864311627766355,0.5837702908844535,27.35357688168463,28.118727049817338,3,3,0,1558.615585235872,1577.6381245168382,19.022539280966157,3311.182364424256,3027.964674221361,-283.217690202895,1558.615585235872,1577.6381245168382,19.022539280966157,Do not improve,0.16509766868259929,0.16509766868259926,0.16509766868259929,0.16509766868259926,2055.963989994939,2096.75958818941,5350.876185280422,3537.3401107815457,1619.9964579981645,1282.4210648549029,57,51,0.035845084115862846,0.03227533306926489,0.07782420795410872,0.06242220802232623
Mean-CVaR,0.92,0.2,Empirical Model B-SP,0.0,0.17200657700148358,0.46083329929237077,0.3671601237061457,0.09752601041895051,0.12292233732445361,0.779551652256596,23.63351593864705,24.38996584831102,3,3,0,1601.7674783438733,1556.424152673928,-45.34332566994544,3148.4151033458106,3024.7130356852936,-123.70206766051706,1911.0970033442609,1850.0819292762012,-61.015074068059675,Improve,0.0,0.0,0.0,0.0,,,,,0.0,0.0,41,37,0.0575008331798017,0.05423162505030632,0.05812520906329155,0.054912082850933075
Mean-CVaR,0.92,0.2,Wasserstein DRO Model B,0.05,0.19426098181266385,0.44839837013819894,0.3573406480491371,0.1293355690833738,0.19728845149286253,0.6733759794237636,27.167141756047982,27.91938353101225,3,3,0,1607.149551231873,1570.5972601295039,-36.552291102369054,3143.0577938300758,3023.878534030095,-119.17925979998063,1914.3311997515136,1861.253514909622,-53.077684841891596,Improve,0.04127441717064981,0.04127441717064981,0.13620557666314442,0.13620557666314442,2078.20680644149,2078.5885954825567,1895.239644775907,1695.0899689060643,4020.1911657073006,4407.744388344287,117,114,0.06925879092887044,0.070292292162776,0.1266687917523086,0.12508908286690712
Mean-CVaR,0.92,0.2,Wasserstein DRO Model B,0.1,0.18753458195287884,0.3271311314437588,0.4853342866033624,0.11078798920428648,0.34555668330446393,0.5436553274912496,30.214467840025357,30.63181804892799,3,3,0,1593.9884185204992,1577.1374102318605,-16.851008288638695,3217.208841011341,3033.2736583218575,-183.93518268948355,1918.6325030186676,1868.36465984986,-50.26784316880776,Improve,0.08000002650847149,0.08254883434129962,0.26400002120677724,0.26603906747303974,2266.1218153049726,2281.5810021815146,3084.729441808856,3202.956570747881,1720.3365223996798,1265.7129846001174,122,114,0.074003417044878,0.06527912523597479,0.13092562509700656,0.11544675007462502
Mean-CVaR,0.92,0.2,Wasserstein DRO Model B,0.2,0.13895892359377737,0.41586307488366125,0.4451780015225613,0.13163250088151718,0.3358425966434514,0.5325249024750315,32.017360124371365,31.92251480879049,3,3,0,1587.8555987328264,1582.1385320955887,-5.717066637237622,3193.026252440533,3030.575276039805,-162.450976400728,1908.8897294743679,1871.825880884432,-37.06384858993579,Improve,0.13584718971056242,0.16509766868259926,0.30867775176844997,0.33207813494607935,2394.1851577592743,2386.9550771133363,3358.695595161922,3201.6124529379017,1212.2967223648702,1026.5091244586145,103,102,0.059634999837726355,0.0576177085749805,0.11788491671904922,0.10683579230681062
Mean-CVaR,0.92,0.4,Empirical Model B-SP,0.0,0.2774429404322439,0.4016564073139982,0.32090065225375797,0.06406438055151784,0.0708409693144346,0.8650946501340476,24.6701850828875,25.343018937330342,3,3,0,1628.0897188479055,1543.9435418759372,-84.14617697196832,3126.399832493313,3027.9350326935187,-98.46479979979449,2227.4137643060685,2137.54013820297,-89.87362610309856,Improve,0.0,0.0,0.0,0.0,,,,,0.0,0.0,21,30,0.028222791850566864,0.039790624752640724,0.02884937496855855,0.04039620794355869
Mean-CVaR,0.92,0.4,Wasserstein DRO Model B,0.05,0.2774429404322438,0.40165640731399926,0.3209006522537571,0.13233582789117534,0.1769918863962054,0.6906722857126193,29.554730448307495,29.787020259117313,3,3,0,1628.0897188479057,1569.9065590866724,-58.183159761233355,3126.399832493313,3022.8027275169165,-103.59710497639662,2227.4137643060685,2151.0650264587703,-76.34873784729825,Improve,0.04127441717064981,0.04127441717064981,0.23113673615563915,0.23113672378544886,2293.1587196204155,2266.579603965118,1844.8010142767525,1674.5390894255318,6770.847266365693,7316.066713864938,107,101,0.06253666710108519,0.05934662511572242,0.09239954082295299,0.10223641712218523
Mean-CVaR,0.92,0.4,Wasserstein DRO Model B,0.1,0.25490922836530866,0.44904275857476994,0.29604801305992134,0.15371205369690244,0.37497395590640875,0.47131399039668886,34.50464743627499,34.6462631682257,3,3,0,1625.582839992392,1591.6138390542028,-33.96900093818931,3122.6499658057696,3031.197963978135,-91.45200182763483,2224.4096903177433,2167.4474890237757,-56.96220129396761,Improve,0.08000002780382462,0.08254883434129962,0.4480000166822948,0.4495292857304371,2614.640065273814,2596.2960647264886,3133.245403375193,3197.0469566958086,1419.2996582643186,943.148609738387,111,110,0.06699325004592538,0.062394834123551846,0.09863404091447592,0.10434466693550348
Mean-CVaR,0.92,0.4,Wasserstein DRO Model B,0.2,0.2154668604953755,0.509629737018546,0.27490340248607853,0.156679871545342,0.372805159368857,0.47051496908580104,35.98194241353082,35.668905774271096,3,3,0,1619.5711676225326,1592.2746469801584,-27.296520642374162,3122.9487034287927,3030.8249580039123,-92.12374542488033,2220.9221819450368,2167.6947713896598,-53.22741055537699,Improve,0.13584716381256298,0.1519537630806143,0.48150829828753783,0.4911722578483686,2708.9010268918923,2675.0087628087767,3288.1471064967254,3196.9787496709564,856.4542322050387,769.4956107931688,114,126,0.06525729177519679,0.07748112501576543,0.09422749979421496,0.12251529190689325
Mean-CVaR,0.92,0.6,Empirical Model B-SP,0.0,0.2774429404322437,0.401656407313999,0.32090065225375725,0.04102449384607452,0.03491283721336439,0.9240626689405611,24.102695088563287,25.404193683471178,3,3,0,1628.0897188479055,1535.6767492856304,-92.41296956227507,3126.3998324933123,3031.038004763784,-95.36182772952816,2527.0757870351495,2432.8935025725227,-94.18228446262674,Improve,0.0,0.0,0.0,0.0,,,,,0.0,0.0,20,25,0.02351283421739936,0.03263987507671118,0.024237375240772963,0.03330479236319661
Mean-CVaR,0.92,0.6,Wasserstein DRO Model B,0.05,0.2774429404322437,0.40165640731399915,0.32090065225375725,0.14928916340512638,0.20328993381574736,0.6474209027791263,32.31523493449154,32.5534147406963,3,3,0,1628.0897188479057,1576.630857994971,-51.45886085293478,3126.399832493313,3022.3583244166684,-104.04150807664473,2527.07578703515,2444.0673378479896,-83.0084491871603,Improve,0.04127441717064981,0.041274417170649905,0.32606789564813365,0.3260678956481338,2504.7572683924795,2455.4925533697074,1844.8010142767525,1698.827194861815,9551.730965051638,10000.0,90,98,0.05436029192060232,0.05567679088562727,0.08182179182767868,0.08891062485054135
Mean-CVaR,0.92,0.6,Wasserstein DRO Model B,0.1,0.25611858528570675,0.5231918078107326,0.22068960690356051,0.19590446038369694,0.3993842650624324,0.4047112745538707,39.036675042783244,38.56196875016009,3,3,0,1633.3675936747575,1605.8183566926937,-27.549236982063803,3107.0430067613256,3030.266740426367,-76.77626633495856,2517.5728415266985,2460.4873869328976,-57.08545459380093,Improve,0.0800001088361396,0.08254883434129964,0.6320000435344558,0.6330195337365199,2949.258362280385,2907.0714169413704,3235.4883779213255,3193.0814740473356,722.8421187930035,625.3411231993945,115,129,0.0676920828409493,0.07633908418938518,0.09458187501877546,0.11032845778390765
Mean-CVaR,0.92,0.6,Wasserstein DRO Model B,0.2,0.27907845349651145,0.5591235514325532,0.1617979950709354,0.19742313839136333,0.3979849253874792,0.4045919362211575,39.778875069366194,39.23790663282513,3,3,0,1644.3221559985682,1606.1402748919606,-38.181881106607534,3093.488254599937,3030.091336209042,-63.39691839089528,2513.821815159389,2460.5109116822096,-53.310903477179636,Improve,0.1519536375410489,0.15195369952899157,0.6607814550164195,0.6607814798115966,3005.8359751563867,2959.4712788192555,3245.8569525305616,3193.1046745827243,548.3589182008194,512.5636675249698,113,126,0.06446241587400436,0.07317900005728006,0.09085879102349281,0.10713191702961922
Mean-CVaR,0.92,0.8,Empirical Model B-SP,0.0,0.27744294043224366,0.4016564073139991,0.32090065225375713,0.026498736021609064,0.012231139866653402,0.9612701241117376,23.523053600872082,24.024396712207214,3,3,0,1628.0897188479053,1530.6228023720769,-97.46691647582838,3126.3998324933123,3033.4019148688026,-92.99791762450968,2826.737809764231,2732.8460923694574,-93.89171739477342,Improve,0.0,0.0,0.0,0.0,,,,,0.0,0.0,17,20,0.020781833212822676,0.025431625079363585,0.02136804210022092,0.02604983327910304
Mean-CVaR,0.92,0.8,Wasserstein DRO Model B,0.05,0.3202834623786985,0.5764062379934425,0.10331029962785923,0.23453235931858218,0.4196740231552066,0.34579361752621124,34.74683630594461,34.374544350363934,3,3,0,1659.324973281972,1618.9430261036146,-40.38194717835745,3078.9773705785738,3030.4182696464113,-48.55910093216244,2795.0468911192534,2748.123220937852,-46.923670181401576,Improve,0.04127441717064981,0.04127441717064981,0.4209990551406283,0.4209990551406284,2796.4514766096845,2744.338166111484,2049.3028058509963,2017.1487320964131,10000.0,10000.0,107,98,0.059816916938871145,0.05813354114070535,0.08254374982789159,0.08468500012531877
Mean-CVaR,0.92,0.8,Wasserstein DRO Model B,0.1,0.3195987209500381,0.5777133930501175,0.10268788599984444,0.2345732409808893,0.4197033279596913,0.34572343105941944,43.20538734314782,42.42385437716641,3,3,0,1659.2492349779777,1618.9577548902525,-40.291480087725176,3078.9456003601053,3030.4196221277,-48.52597823240512,2795.0063272836796,2748.127248680211,-46.87907860346877,Improve,0.08254883434129962,0.08254883434129962,0.8165097668682599,0.8165097668682599,3266.456400547907,3214.42273227651,3225.8209379175514,3190.837250731524,286.03123412316717,311.31870415553027,104,129,0.060750999953597784,0.0739920842461288,0.0837929593399167,0.10086520807817578
Mean-CVaR,0.92,0.8,Wasserstein DRO Model B,0.2,0.32154532077260284,0.5795923992752873,0.09886227995210978,0.23508658216761663,0.41906830632727027,0.3458451115051131,43.5623018902465,42.76035244768765,3,3,0,1660.0877071146285,1619.055103233494,-41.03260388113449,3078.124196232781,3030.358243812264,-47.765952420516896,2794.5168984091506,2748.09761569651,-46.41928271264078,Improve,0.15195367299479628,0.15195374276190177,0.8303907345989593,0.8303907485523804,3293.4645173443478,3240.602580437545,3224.5493570067956,3190.865872184956,268.06069541274474,256.21560608606154,104,129,0.06189975002780557,0.07618845906108618,0.08564062463119626,0.10407825000584126
CVaR-only,0.92,1.0,Empirical Model B-SP,0.0,0.2774429404322437,0.4016564073139991,0.3209006522537571,0.018672173334746214,1.1753415216254863e-16,0.9813278266652536,22.93575315997802,24.901148596684436,3,2,-1,1628.0897188479055,1527.9551826335432,-100.13453621436224,3126.3998324933127,3034.8146203220585,-91.58521217125417,3126.3998324933127,3034.8146203220585,-91.58521217125417,Improve,0.0,0.0,0.0,0.0,,,,,0.0,0.0,17,18,0.02161125000566244,0.024385207798331976,0.022193207871168852,0.024990917183458805
CVaR-only,0.92,1.0,Wasserstein DRO Model B,0.05,0.359758145229223,0.6041604325299649,0.03608142224081192,0.26824674419608113,0.4369502041729653,0.29480305163095355,36.951080894557336,36.287462517720286,3,3,0,1675.444116278512,1630.6047775057834,-44.839338772728524,3064.8619458242297,3031.4178380018748,-33.44410782235491,3064.8619458242297,3031.4178380018748,-33.44410782235491,Improve,0.04127441717064981,0.04127441717064981,0.5159302146331227,0.5159302146331227,3100.243576389959,3049.7969476034827,2235.783892137056,2220.771986306083,10000.0,10000.0,94,98,0.05271870829164982,0.05705695878714323,0.07551341596990824,0.0832710419781506
CVaR-only,0.92,1.0,Wasserstein DRO Model B,0.1,0.3597597169044756,0.6041603493299725,0.036079933765551866,0.2682476801541859,0.4369509795394781,0.294801340306336,47.28370680448721,46.26511444512434,3,3,0,1675.4446325872284,1630.6051308658361,-44.83950172139225,3064.8615960847465,3031.417902265309,-33.44369381943761,3064.8615960847465,3031.417902265309,-33.44369381943761,Improve,0.08254883434129962,0.08254883434129962,1.0,1.0,3569.3668915591766,3518.9202627682453,3204.9068087617825,3189.8952734440586,3.018464418090353e-16,5.780390502875911e-20,103,107,0.05947191594168544,0.06023925030604005,0.0830112500116229,0.08534758305177093
CVaR-only,0.92,1.0,Wasserstein DRO Model B,0.2,0.3597590260805705,0.6041614591692946,0.0360795147501347,0.2682484031125437,0.43695140402558935,0.294800192861867,47.28371154910006,46.26511270003266,3,3,0,1675.4445298698543,1630.6053883415875,-44.83914152826674,3064.8615923990797,3031.417937437359,-33.44365496172077,3064.8615923990797,3031.417937437359,-33.44365496172077,Improve,0.16509766868259926,0.16509766868259926,1.0,1.0,3569.3668915589406,3518.920262768886,3204.906620302345,3189.8952606371695,0.0,0.0,112,120,0.0643174578435719,0.06866675009950995,0.08740945812314749,0.09498345758765936
Expectation-only,0.96,0.0,Empirical Model B-SP,0.0,0.030282988515587035,0.1673637459171752,0.8023532655672378,0.061306435679374216,0.3010262924727786,0.6376672718478471,23.454843969179876,24.34211241220813,3,3,0,1536.772121072126,1560.1016364485154,23.32951537638928,3524.8598494193493,3212.7812705345136,-312.0785788848357,1536.772121072126,1560.1016364485154,23.32951537638928,Do not improve,0.0,0.0,0.0,0.0,,,,,0.0,0.0,20,18,0.026619750075042248,0.025564915966242552,0.02719395887106657,0.026120875030755997
Expectation-only,0.96,0.0,Wasserstein DRO Model B,0.05,0.06608021023922336,0.17878918442850533,0.7551306053322713,0.06614279851323854,0.30596281096190303,0.6278943905248583,24.524797616547644,25.40981908907684,3,3,0,1547.1409436922527,1561.785342487935,14.644398795682264,3500.2182864882952,3211.658535794872,-288.5597506934232,1547.1409436922527,1561.785342487935,14.644398795682264,Do not improve,0.04127441717064982,0.041274417517768225,0.04127441717064982,0.041274417517768225,1808.4289015592171,1882.8919895768036,4605.9519847085885,3315.5253399094076,1678.7373394999881,1594.9195831915654,58,57,0.03344574989750981,0.03400933276861906,0.06191762536764145,0.06115841679275036
Expectation-only,0.96,0.0,Wasserstein DRO Model B,0.1,0.06996024750550486,0.20969636762308103,0.720343384871414,0.07107184234601024,0.31077837696259814,0.6181497806913915,25.584761540060562,26.47266855830508,3,3,0,1550.6290557737223,1563.4909146919917,12.86185891826949,3483.7690573978807,3210.55890517803,-273.2101522198509,1550.6290557737223,1563.4909146919917,12.86185891826949,Do not improve,0.0825488343412996,0.08254883434129962,0.0825488343412996,0.08254883434129962,1891.912353087651,1962.5997543758824,4842.334192423158,3436.25886268537,1660.36433014798,1593.3939463424624,72,63,0.04346070811152458,0.039236916694790125,0.07297408301383257,0.0672942497767508
Expectation-only,0.96,0.0,Wasserstein DRO Model B,0.2,0.0785891019327146,0.2782542207579563,0.6431566773093291,0.12979854633891102,0.2864311627766355,0.5837702908844535,27.35357688168463,28.118727049817338,3,3,0,1558.615585235872,1577.6381245168382,19.022539280966157,3447.920262072896,3205.673877871674,-242.2463842012221,1558.615585235872,1577.6381245168382,19.022539280966157,Do not improve,0.16509766868259929,0.16509766868259926,0.16509766868259929,0.16509766868259926,2055.963989994939,2096.75958818941,5350.876185280422,3537.3401107815457,1619.9964579981645,1282.4210648549029,57,51,0.03236712468788028,0.030365000013262033,0.0605104579590261,0.05964499991387129
Mean-CVaR,0.96,0.2,Empirical Model B-SP,0.0,0.1720058042032225,0.4608337305214699,0.3671604652753075,0.09752612486329598,0.12292251526490641,0.7795513598717976,24.975066919205773,24.389965602527845,3,3,0,1601.7672929878236,1556.4241962168153,-45.34309677100828,3325.481204809995,3224.6813196747526,-100.79988513524222,1946.510075352258,1890.075620908403,-56.434454443854975,Improve,0.0,0.0,0.0,0.0,,,,,0.0,0.0,30,39,0.043871792033314705,0.052768874913454056,0.04448433266952634,0.053357415832579136
Mean-CVaR,0.96,0.2,Wasserstein DRO Model B,0.05,0.13769098199233398,0.3251162960844306,0.5371927219232354,0.10649629969389145,0.3423225087235392,0.5511811915825693,29.574787276099414,29.803820275602916,3,3,0,1579.2806543762615,1575.6872367366368,-3.593417639624704,3398.665900059572,3203.6616282012533,-195.0042718583186,1943.157703512924,1901.2821150295604,-41.87558848336357,Improve,0.04000004942504139,0.041274417170649814,0.23200003954003312,0.2330195220406268,2207.570826101879,2218.273130988613,3323.180813478439,3203.6616282012374,1505.2709878588075,1266.605101031483,125,109,0.0734710842370987,0.06244445778429508,0.11478116689249873,0.11770637473091483
Mean-CVaR,0.96,0.2,Wasserstein DRO Model B,0.1,0.11718406712874355,0.36884763851126806,0.5139682943599884,0.11079144751202405,0.34555254174211913,0.5436560107458568,30.469305777599892,30.63180623847878,3,3,0,1577.3089686850199,1577.138025487237,-0.1709431977828899,3388.897571591047,3202.956500666748,-185.94107092429886,1939.6266892662252,1902.3017205231395,-37.32496874308572,Improve,0.06792366120038446,0.08254883434129962,0.2543389289603075,0.2660390553182802,2271.5349655449695,2281.5810021600723,3388.897571591058,3202.9565006667453,1241.0311818834448,1265.7127158385726,113,109,0.06511808419600129,0.061531833838671446,0.10736237512901425,0.11580262519419193
Mean-CVaR,0.96,0.2,Wasserstein DRO Model B,0.2,0.13896117925177948,0.4158710309158445,0.44516778983237604,0.13163255104553456,0.3358439364281389,0.5325235125263265,32.0173557234469,31.922514267723578,3,3,0,1587.856992669118,1582.1386558990343,-5.718336770083624,3358.6912096113306,3201.61234859521,-157.07886101612075,1942.0238360575609,1906.0333944382696,-35.99044161929123,Improve,0.13584718970863308,0.16509766868259926,0.30867775176690654,0.33207812000473186,2394.185157833126,2386.9550771128497,3358.691209611329,3201.6123485952116,1212.292561542629,1026.5091425313292,107,115,0.06266754167154431,0.06525524985045195,0.10382608324289322,0.11918133264407516
Mean-CVaR,0.96,0.4,Empirical Model B-SP,0.0,0.27744294043224355,0.4016564073139991,0.32090065225375747,0.06406553216188024,0.0708427636933386,0.8650917041447812,24.6701850828875,25.343015615589486,3,3,0,1628.0897188479057,1543.9439621891356,-84.1457566587701,3309.4853779528194,3235.1228826869933,-74.36249526582606,2300.647982489871,2220.415530388279,-80.23245210159212,Improve,0.0,0.0,0.0,0.0,,,,,0.0,0.0,18,34,0.02345274994149804,0.04827433405444026,0.024081583134829998,0.0489004161208868
Mean-CVaR,0.96,0.4,Wasserstein DRO Model B,0.05,0.2199663084661502,0.45606357531691905,0.3239701162169308,0.15063651884186333,0.3729649358985018,0.47639854525963476,34.18903190542865,34.03762434238095,3,3,0,1615.598749313202,1590.5723593870239,-25.026389926178126,3307.886601617227,3197.4091278348515,-110.47747378237545,2292.5138902348117,2233.307066766155,-59.206823468656694,Improve,0.04000003557187713,0.04127441717064981,0.4240000213431263,0.4247646503023899,2575.805211723861,2549.1284201537037,3244.791566610433,3197.4091278348633,1298.8545757127704,943.559447322344,115,100,0.06852154200896621,0.05631500016897917,0.09380054194480181,0.1044250838458538
Mean-CVaR,0.96,0.4,Wasserstein DRO Model B,0.1,0.19976994538514165,0.48661254465062587,0.3136175099642325,0.15371532009356637,0.3749745958045415,0.471310084101892,34.87596853376172,34.64625103937087,3,3,0,1612.5364426422227,1591.6148203564562,-20.92162228576649,3303.517733476253,3197.046675849071,-106.47105762718184,2288.928958975835,2233.7875625535025,-55.14139642233249,Improve,0.06792360661930216,0.08254883434129962,0.4407541639715813,0.4495293006047798,2622.682218673271,2596.296064711538,3303.5177334762457,3197.0466758490065,868.1306022466864,943.1482453548455,123,132,0.07109716720879078,0.0758945420384407,0.09560474986210465,0.12454125005751848
Mean-CVaR,0.96,0.4,Wasserstein DRO Model B,0.2,0.21546166678334497,0.5096414768097822,0.2748968564068729,0.15667911389690206,0.3728102285923865,0.47051065751071136,35.98197340454145,35.66890973009676,3,3,0,1619.5708023569814,1592.2748578801825,-27.295944476798923,3288.1445607563855,3196.9784633635395,-91.16609739284604,2287.0003057167432,2234.156300073525,-52.844005643218225,Improve,0.13584716381515782,0.1519537630874967,0.4815082982890947,0.491172257852498,2708.9010268244037,2675.0087627999187,3288.1445607563787,3196.9784633635136,856.4526179278442,769.4957050062328,113,116,0.0638435841538012,0.06754808267578483,0.08821595879271626,0.11752791609615088
Mean-CVaR,0.96,0.6,Empirical Model B-SP,0.0,0.2774429404322437,0.4016564073139991,0.32090065225375725,0.04102450491101054,0.034912854481923355,0.924062640607066,24.102695088563287,25.404193652914188,3,3,0,1628.0897188479055,1535.6767531841635,-92.41296566374194,3309.4853779528194,3243.2899349595345,-66.19544299328481,2636.927114310854,2560.2446622493862,-76.68245206146776,Improve,0.0,0.0,0.0,0.0,,,,,0.0,0.0,17,37,0.02109483303502202,0.05128858331590891,0.02168458281084895,0.05187445925548673
Mean-CVaR,0.96,0.6,Wasserstein DRO Model B,0.05,0.26083150399580257,0.5339318271304467,0.20523666887375064,0.19412181983907417,0.39826326626884556,0.40761491389208027,38.700196701200454,38.161190129800175,3,3,0,1635.9472135315732,1605.203671414491,-30.743542117082143,3261.6949678176093,3193.225000831666,-68.4699669859433,2611.3958661031947,2558.016469064796,-53.379397038398565,Improve,0.040000145983742325,0.041274417170649724,0.6160000583934969,0.6165097668682599,2922.604477207591,2875.8009132204643,3249.8885528851442,3193.2250008317465,677.0543786940947,625.4797539730678,111,101,0.06369066564366221,0.05668854108080268,0.0870594591833651,0.10938466712832451
Mean-CVaR,0.96,0.6,Wasserstein DRO Model B,0.1,0.2736221049356332,0.5540697021579138,0.17230819290645288,0.19590121471770283,0.3993831269092866,0.40471565837301055,39.08636430168316,38.56198091620527,3,3,0,1642.0686057021157,1605.8173145293108,-36.25129117280494,3249.613571177897,3193.0816780313307,-56.53189314656629,2606.5955849875845,2558.1759326305228,-48.41965235706175,Improve,0.0679241705545531,0.08254883434129957,0.6271696682218212,0.6330195337365198,2950.936149086283,2907.0714169403145,3249.6135711778265,3193.0816780313307,550.4041544745604,625.3413481926594,98,134,0.05595008283853531,0.07666504196822643,0.0788162499666214,0.12967004114761949
Mean-CVaR,0.96,0.6,Wasserstein DRO Model B,0.2,0.2790815058489605,0.5591205252707613,0.16179796888027825,0.19742755016812247,0.39797786726906775,0.4045945825628098,39.77886185818127,39.23788595549311,3,3,0,1644.3227840042177,1606.140953905019,-38.181830099198805,3245.8570073320248,3193.1049282717468,-52.75207906027799,2605.243318000902,2558.3193385250556,-46.92397947584641,Improve,0.1519536375400865,0.15195369952106053,0.6607814550160346,0.6607814798084242,3005.8359751564826,2959.471278836332,3245.8570073320234,3193.1049282717768,548.358841058009,512.5635344388513,106,137,0.06053487490862608,0.07892266614362597,0.08342291601002216,0.1323074158281088
Mean-CVaR,0.96,0.8,Empirical Model B-SP,0.0,0.27744294043224377,0.401656407313999,0.32090065225375725,0.026499769633713165,0.012232754695030273,0.9612674756712567,23.523053600872082,24.024394519324694,3,3,0,1628.0897188479055,1530.623157311249,-97.4665615366564,3309.4853779528185,3248.8881092964098,-60.59726865640869,2973.206246131836,2905.235118899378,-67.971127232458,Improve,0.0,0.0,0.0,0.0,,,,,0.0,0.0,17,19,0.021074959076941013,0.023896084167063236,0.021663791965693235,0.02448537526652217
Mean-CVaR,0.96,0.8,Wasserstein DRO Model B,0.05,0.3217331240514806,0.5818329446703244,0.09643393127819491,0.23387188197674283,0.4192262564049855,0.34690186161827163,43.032571565683526,42.22460793659282,3,3,0,1660.398959372174,1618.7073633385933,-41.69159603358071,3223.6980660679883,3190.873309971137,-32.82475609685116,2911.0382447288257,2876.440120644628,-34.59812408419748,Improve,0.04127441717064978,0.04127441717064992,0.80825488343413,0.80825488343413,3252.1223618595905,3198.8561859157703,3223.69806606781,3190.8733099711844,287.3224764038744,311.34316406438035,105,116,0.05931591708213091,0.0674361246638,0.0820690831169486,0.09381529176607728
Mean-CVaR,0.96,0.8,Wasserstein DRO Model B,0.1,0.31959826402803965,0.577714888751603,0.10268684722035741,0.23457668149117827,0.4197028279882199,0.34572049052060194,43.205392541598,42.423841209275125,3,3,0,1659.249253982,1618.9587352775766,-40.29051870442345,3225.8205478613895,3190.837232765409,-34.98331509598029,2912.506289085512,2876.4615332678427,-36.044755817669284,Improve,0.08254883434129942,0.08254883434129973,0.8165097668682599,0.8165097668682599,3266.456400550108,3214.4227322692436,3225.820547861375,3190.8372327656807,286.0314572885387,311.318624127283,113,121,0.06455608271062374,0.06955683324486017,0.08741083322092891,0.09529791725799441
Mean-CVaR,0.96,0.8,Wasserstein DRO Model B,0.2,0.3215493017541271,0.5795944611980359,0.09885623704783705,0.23508998202620907,0.41906263571615476,0.3458473822576363,43.56230673697654,42.76033586217723,3,3,0,1660.0892246572357,1619.0556202874586,-41.033604369777095,3224.5473939097815,3190.866144428407,-33.68124948137438,2911.6557600592723,2876.5040396002178,-35.15172045905456,Improve,0.1519536729932717,0.15195374275646922,0.8303907345986544,0.8303907485512939,3293.464517327215,3240.6025804437077,3224.5473939097496,3190.866144428043,268.06011950719824,256.215561376211,100,118,0.05616870895028114,0.06697812490165234,0.07897183299064636,0.09287062473595142
CVaR-only,0.96,1.0,Empirical Model B-SP,0.0,0.27744294043224355,0.40165640731399954,0.32090065225375697,0.018672173334745468,0.0,0.9813278266652545,23.878458861157704,24.901148596684436,3,2,-1,1628.0897188479057,1527.9551826335432,-100.13453621436247,3309.4853779528185,3252.0583765781944,-57.42700137462407,3309.4853779528185,3252.0583765781944,-57.42700137462407,Improve,0.0,0.0,0.0,0.0,,,,,0.0,0.0,17,15,0.02099383296445012,0.019043707754462957,0.02157708304002881,0.019631125032901764
CVaR-only,0.96,1.0,Wasserstein DRO Model B,0.05,0.3597581292669653,0.6041611383344306,0.03608073239860413,0.26824901636186627,0.436950146360639,0.29480083727749473,47.28370861848606,46.26510904051425,3,3,0,1675.4441926294667,1630.6054632783514,-44.83872935111526,3204.906972503049,3189.895331783023,-15.011640720026207,3204.906972503049,3189.895331783023,-15.011640720026207,Improve,0.04127441717064981,0.04127441717064981,0.9999999713939787,0.9999999748395246,3569.366891556531,3518.920262770531,3204.9069725030495,3189.895331783006,4.987894486557239e-16,6.541147480050861e-18,105,106,0.058594583068042994,0.0602226248010993,0.0814491668716073,0.08102687541395426
CVaR-only,0.96,1.0,Wasserstein DRO Model B,0.1,0.3597594574473907,0.6041600567001665,0.03608048585244307,0.2682473595221463,0.4369516813566333,0.2948009591212203,47.283704672557064,46.26511577728577,3,3,0,1675.4445118935232,1630.6050956108866,-44.83941628263665,3204.9069783545833,3189.895234003907,-15.011744350676508,3204.9069783545833,3189.895234003907,-15.011744350676508,Improve,0.08254883434129962,0.08254883434129962,0.9999999713940119,0.999999974839489,3569.366891558564,3518.9202627689915,3204.9069783550535,3189.895234003907,0.0,0.0,102,121,0.05836233403533697,0.06764575000852346,0.08161729108542204,0.08833916671574116
CVaR-only,0.96,1.0,Wasserstein DRO Model B,0.2,0.35975832072536895,0.6041608526076097,0.03608082666702151,0.26824649483394375,0.4369527707748343,0.2948007343912219,47.28370741108141,46.265119607887314,3,3,0,1675.4442236271138,1630.6049292984706,-44.83929432864329,3204.907017327008,3189.8951683593878,-15.011848967620153,3204.907017327008,3189.8951683593878,-15.011848967620153,Improve,0.16509766868259926,0.16509766868259926,0.9999999713939896,0.9999999748394656,3569.3668915565163,3518.9202627703808,3204.907017327007,3189.8951683593873,0.0,8.322878768457641e-17,92,99,0.05201479094102979,0.05631516734138131,0.07489962503314018,0.07748004188761115
