RiskCase,alpha,eta,Model,Network,rho,P1,P2,P3,pi_od,ActiveCount,MeanTest,CVaRTest,CETest,Objective,t_RU,kappa,Iterations,Residual,CPUSeconds,WallSeconds
Expectation-only,0.92,0.0,Empirical Model B-SP,After,0.0,0.061306435679374216,0.3010262924727786,0.6376672718478471,24.34211241220813,3,1560.1016364485154,3037.064808633266,1560.1016364485154,,,0.0,18,,0.0289256670512259,0.02958095818758011
Expectation-only,0.92,0.0,Empirical Model B-SP,Before,0.0,0.030282988515587035,0.1673637459171752,0.8023532655672378,23.454843969179876,3,1536.772121072126,3411.382913578576,1536.772121072126,,,0.0,20,,0.02951233321800828,0.03054770827293396
Expectation-only,0.92,0.0,Wasserstein DRO Model B,After,0.05,0.06614279851323854,0.30596281096190303,0.6278943905248583,25.40981908907684,3,1561.785342487935,3036.620180866291,1561.785342487935,1882.8919895768036,3315.5253399094076,1594.9195831915654,57,2.4488144845236093e-10,0.03577333316206932,0.06758500030264258
Expectation-only,0.92,0.0,Wasserstein DRO Model B,Before,0.05,0.06608021023922336,0.17878918442850533,0.7551306053322713,24.524797616547644,3,1547.1409436922527,3380.2491923322714,1547.1409436922527,1808.4289015592171,4605.9519847085885,1678.7373394999881,58,1.1596057447604835e-11,0.036441583186388016,0.07782037509605289
Expectation-only,0.92,0.0,Wasserstein DRO Model B,After,0.1,0.07107184234601024,0.31077837696259814,0.6181497806913915,26.47266855830508,3,1563.4909146919917,3036.180290794343,1563.4909146919917,1962.5997543758824,3436.25886268537,1593.3939463424624,63,1.2505552149377763e-11,0.039002999663352966,0.06730049988254905
Expectation-only,0.92,0.0,Wasserstein DRO Model B,Before,0.1,0.06996024750550486,0.20969636762308103,0.720343384871414,25.584761540060562,3,1550.6290557737223,3358.575947661981,1550.6290557737223,1891.912353087651,4842.334192423158,1660.36433014798,72,1.4106262824498117e-09,0.04677454195916653,0.08222291572019458
Expectation-only,0.92,0.0,Wasserstein DRO Model B,After,0.2,0.12979854633891102,0.2864311627766355,0.5837702908844535,28.118727049817338,3,1577.6381245168382,3027.964674221361,1577.6381245168382,2096.75958818941,3537.3401107815457,1282.4210648549029,51,1.1368683772161603e-12,0.03227533306926489,0.06242220802232623
Expectation-only,0.92,0.0,Wasserstein DRO Model B,Before,0.2,0.0785891019327146,0.2782542207579563,0.6431566773093291,27.35357688168463,3,1558.615585235872,3311.182364424256,1558.615585235872,2055.963989994939,5350.876185280422,1619.9964579981645,57,1.9258550310041755e-10,0.035845084115862846,0.07782420795410872
Mean-CVaR,0.92,0.2,Empirical Model B-SP,After,0.0,0.09752601041895051,0.12292233732445361,0.779551652256596,24.38996584831102,3,1556.424152673928,3024.7130356852936,1850.0819292762012,,,0.0,37,,0.05423162505030632,0.054912082850933075
Mean-CVaR,0.92,0.2,Empirical Model B-SP,Before,0.0,0.17200657700148358,0.46083329929237077,0.3671601237061457,23.63351593864705,3,1601.7674783438733,3148.4151033458106,1911.0970033442609,,,0.0,41,,0.0575008331798017,0.05812520906329155
Mean-CVaR,0.92,0.2,Wasserstein DRO Model B,After,0.05,0.1293355690833738,0.19728845149286253,0.6733759794237636,27.91938353101225,3,1570.5972601295039,3023.878534030095,1861.253514909622,2078.5885954825567,1695.0899689060643,4407.744388344287,114,2.94903657049872e-10,0.070292292162776,0.12508908286690712
Mean-CVaR,0.92,0.2,Wasserstein DRO Model B,Before,0.05,0.19426098181266385,0.44839837013819894,0.3573406480491371,27.167141756047982,3,1607.149551231873,3143.0577938300758,1914.3311997515136,2078.20680644149,1895.239644775907,4020.1911657073006,117,0.0,0.06925879092887044,0.1266687917523086
Mean-CVaR,0.92,0.2,Wasserstein DRO Model B,After,0.1,0.11078798920428648,0.34555668330446393,0.5436553274912496,30.63181804892799,3,1577.1374102318605,3033.2736583218575,1868.36465984986,2281.5810021815146,3202.956570747881,1265.7129846001174,114,5.456788905930152e-12,0.06527912523597479,0.11544675007462502
Mean-CVaR,0.92,0.2,Wasserstein DRO Model B,Before,0.1,0.18753458195287884,0.3271311314437588,0.4853342866033624,30.214467840025357,3,1593.9884185204992,3217.208841011341,1918.6325030186676,2266.1218153049726,3084.729441808856,1720.3365223996798,122,6.832578947069123e-11,0.074003417044878,0.13092562509700656
Mean-CVaR,0.92,0.2,Wasserstein DRO Model B,After,0.2,0.13163250088151718,0.3358425966434514,0.5325249024750315,31.92251480879049,3,1582.1385320955887,3030.575276039805,1871.825880884432,2386.9550771133363,3201.6124529379017,1026.5091244586145,102,1.0231815394945443e-11,0.0576177085749805,0.10683579230681062
Mean-CVaR,0.92,0.2,Wasserstein DRO Model B,Before,0.2,0.13895892359377737,0.41586307488366125,0.4451780015225613,32.017360124371365,3,1587.8555987328264,3193.026252440533,1908.8897294743679,2394.1851577592743,3358.695595161922,1212.2967223648702,103,6.821210263296962e-13,0.059634999837726355,0.11788491671904922
Mean-CVaR,0.92,0.4,Empirical Model B-SP,After,0.0,0.06406438055151784,0.0708409693144346,0.8650946501340476,25.343018937330342,3,1543.9435418759372,3027.9350326935187,2137.54013820297,,,0.0,30,,0.039790624752640724,0.04039620794355869
Mean-CVaR,0.92,0.4,Empirical Model B-SP,Before,0.0,0.2774429404322439,0.4016564073139982,0.32090065225375797,24.6701850828875,3,1628.0897188479055,3126.399832493313,2227.4137643060685,,,0.0,21,,0.028222791850566864,0.02884937496855855
Mean-CVaR,0.92,0.4,Wasserstein DRO Model B,After,0.05,0.13233582789117534,0.1769918863962054,0.6906722857126193,29.787020259117313,3,1569.9065590866724,3022.8027275169165,2151.0650264587703,2266.579603965118,1674.5390894255318,7316.066713864938,101,2.5704594008857384e-10,0.05934662511572242,0.10223641712218523
Mean-CVaR,0.92,0.4,Wasserstein DRO Model B,Before,0.05,0.2774429404322438,0.40165640731399926,0.3209006522537571,29.554730448307495,3,1628.0897188479057,3126.399832493313,2227.4137643060685,2293.1587196204155,1844.8010142767525,6770.847266365693,107,6.59383658785373e-12,0.06253666710108519,0.09239954082295299
Mean-CVaR,0.92,0.4,Wasserstein DRO Model B,After,0.1,0.15371205369690244,0.37497395590640875,0.47131399039668886,34.6462631682257,3,1591.6138390542028,3031.197963978135,2167.4474890237757,2596.2960647264886,3197.0469566958086,943.148609738387,110,7.275957614183426e-12,0.062394834123551846,0.10434466693550348
Mean-CVaR,0.92,0.4,Wasserstein DRO Model B,Before,0.1,0.25490922836530866,0.44904275857476994,0.29604801305992134,34.50464743627499,3,1625.582839992392,3122.6499658057696,2224.4096903177433,2614.640065273814,3133.245403375193,1419.2996582643186,111,6.821210263296962e-13,0.06699325004592538,0.09863404091447592
Mean-CVaR,0.92,0.4,Wasserstein DRO Model B,After,0.2,0.156679871545342,0.372805159368857,0.47051496908580104,35.668905774271096,3,1592.2746469801584,3030.8249580039123,2167.6947713896598,2675.0087628087767,3196.9787496709564,769.4956107931688,126,1.2278178473934531e-11,0.07748112501576543,0.12251529190689325
Mean-CVaR,0.92,0.4,Wasserstein DRO Model B,Before,0.2,0.2154668604953755,0.509629737018546,0.27490340248607853,35.98194241353082,3,1619.5711676225326,3122.9487034287927,2220.9221819450368,2708.9010268918923,3288.1471064967254,856.4542322050387,114,4.274625098332763e-11,0.06525729177519679,0.09422749979421496
Mean-CVaR,0.92,0.6,Empirical Model B-SP,After,0.0,0.04102449384607452,0.03491283721336439,0.9240626689405611,25.404193683471178,3,1535.6767492856304,3031.038004763784,2432.8935025725227,,,0.0,25,,0.03263987507671118,0.03330479236319661
Mean-CVaR,0.92,0.6,Empirical Model B-SP,Before,0.0,0.2774429404322437,0.401656407313999,0.32090065225375725,24.102695088563287,3,1628.0897188479055,3126.3998324933123,2527.0757870351495,,,0.0,20,,0.02351283421739936,0.024237375240772963
Mean-CVaR,0.92,0.6,Wasserstein DRO Model B,After,0.05,0.14928916340512638,0.20328993381574736,0.6474209027791263,32.5534147406963,3,1576.630857994971,3022.3583244166684,2444.0673378479896,2455.4925533697074,1698.827194861815,10000.0,98,3.296918293926865e-12,0.05567679088562727,0.08891062485054135
Mean-CVaR,0.92,0.6,Wasserstein DRO Model B,Before,0.05,0.2774429404322437,0.40165640731399915,0.32090065225375725,32.31523493449154,3,1628.0897188479057,3126.399832493313,2527.07578703515,2504.7572683924795,1844.8010142767525,9551.730965051638,90,5.684341886080802e-14,0.05436029192060232,0.08182179182767868
Mean-CVaR,0.92,0.6,Wasserstein DRO Model B,After,0.1,0.19590446038369694,0.3993842650624324,0.4047112745538707,38.56196875016009,3,1605.8183566926937,3030.266740426367,2460.4873869328976,2907.0714169413704,3193.0814740473356,625.3411231993945,129,5.968558980384842e-11,0.07633908418938518,0.11032845778390765
Mean-CVaR,0.92,0.6,Wasserstein DRO Model B,Before,0.1,0.25611858528570675,0.5231918078107326,0.22068960690356051,39.036675042783244,3,1633.3675936747575,3107.0430067613256,2517.5728415266985,2949.258362280385,3235.4883779213255,722.8421187930035,115,2.7284841053187847e-12,0.0676920828409493,0.09458187501877546
Mean-CVaR,0.92,0.6,Wasserstein DRO Model B,After,0.2,0.19742313839136333,0.3979849253874792,0.4045919362211575,39.23790663282513,3,1606.1402748919606,3030.091336209042,2460.5109116822096,2959.4712788192555,3193.1046745827243,512.5636675249698,126,7.275957614183426e-12,0.07317900005728006,0.10713191702961922
Mean-CVaR,0.92,0.6,Wasserstein DRO Model B,Before,0.2,0.27907845349651145,0.5591235514325532,0.1617979950709354,39.778875069366194,3,1644.3221559985682,3093.488254599937,2513.821815159389,3005.8359751563867,3245.8569525305616,548.3589182008194,113,4.5448287861296936e-13,0.06446241587400436,0.09085879102349281
Mean-CVaR,0.92,0.8,Empirical Model B-SP,After,0.0,0.026498736021609064,0.012231139866653402,0.9612701241117376,24.024396712207214,3,1530.6228023720769,3033.4019148688026,2732.8460923694574,,,0.0,20,,0.025431625079363585,0.02604983327910304
Mean-CVaR,0.92,0.8,Empirical Model B-SP,Before,0.0,0.27744294043224366,0.4016564073139991,0.32090065225375713,23.523053600872082,3,1628.0897188479053,3126.3998324933123,2826.737809764231,,,0.0,17,,0.020781833212822676,0.02136804210022092
Mean-CVaR,0.92,0.8,Wasserstein DRO Model B,After,0.05,0.23453235931858218,0.4196740231552066,0.34579361752621124,34.374544350363934,3,1618.9430261036146,3030.4182696464113,2748.123220937852,2744.338166111484,2017.1487320964131,10000.0,98,3.8181724448804744e-10,0.05813354114070535,0.08468500012531877
Mean-CVaR,0.92,0.8,Wasserstein DRO Model B,Before,0.05,0.3202834623786985,0.5764062379934425,0.10331029962785923,34.74683630594461,3,1659.324973281972,3078.9773705785738,2795.0468911192534,2796.4514766096845,2049.3028058509963,10000.0,107,5.820766091346741e-11,0.059816916938871145,0.08254374982789159
Mean-CVaR,0.92,0.8,Wasserstein DRO Model B,After,0.1,0.2345732409808893,0.4197033279596913,0.34572343105941944,42.42385437716641,3,1618.9577548902525,3030.4196221277,2748.127248680211,3214.42273227651,3190.837250731524,311.31870415553027,129,9.663381206337363e-13,0.0739920842461288,0.10086520807817578
Mean-CVaR,0.92,0.8,Wasserstein DRO Model B,Before,0.1,0.3195987209500381,0.5777133930501175,0.10268788599984444,43.20538734314782,3,1659.2492349779777,3078.9456003601053,2795.0063272836796,3266.456400547907,3225.8209379175514,286.03123412316717,104,3.637978807091713e-12,0.060750999953597784,0.0837929593399167
Mean-CVaR,0.92,0.8,Wasserstein DRO Model B,After,0.2,0.23508658216761663,0.41906830632727027,0.3458451115051131,42.76035244768765,3,1619.055103233494,3030.358243812264,2748.09761569651,3240.602580437545,3190.865872184956,256.21560608606154,129,1.9690511317051213e-10,0.07618845906108618,0.10407825000584126
Mean-CVaR,0.92,0.8,Wasserstein DRO Model B,Before,0.2,0.32154532077260284,0.5795923992752873,0.09886227995210978,43.5623018902465,3,1660.0877071146285,3078.124196232781,2794.5168984091506,3293.4645173443478,3224.5493570067956,268.06069541274474,104,3.0127011996228248e-12,0.06189975002780557,0.08564062463119626
CVaR-only,0.92,1.0,Empirical Model B-SP,After,0.0,0.018672173334746214,1.1753415216254863e-16,0.9813278266652536,24.901148596684436,2,1527.9551826335432,3034.8146203220585,3034.8146203220585,,,0.0,18,,0.024385207798331976,0.024990917183458805
CVaR-only,0.92,1.0,Empirical Model B-SP,Before,0.0,0.2774429404322437,0.4016564073139991,0.3209006522537571,22.93575315997802,3,1628.0897188479055,3126.3998324933127,3126.3998324933127,,,0.0,17,,0.02161125000566244,0.022193207871168852
CVaR-only,0.92,1.0,Wasserstein DRO Model B,After,0.05,0.26824674419608113,0.4369502041729653,0.29480305163095355,36.287462517720286,3,1630.6047775057834,3031.4178380018748,3031.4178380018748,3049.7969476034827,2220.771986306083,10000.0,98,3.410605131648481e-13,0.05705695878714323,0.0832710419781506
CVaR-only,0.92,1.0,Wasserstein DRO Model B,Before,0.05,0.359758145229223,0.6041604325299649,0.03608142224081192,36.951080894557336,3,1675.444116278512,3064.8619458242297,3064.8619458242297,3100.243576389959,2235.783892137056,10000.0,94,3.5913672036258504e-10,0.05271870829164982,0.07551341596990824
CVaR-only,0.92,1.0,Wasserstein DRO Model B,After,0.1,0.2682476801541859,0.4369509795394781,0.294801340306336,46.26511444512434,3,1630.6051308658361,3031.417902265309,3031.417902265309,3518.9202627682453,3189.8952734440586,5.780390502875911e-20,107,6.634763849387586e-10,0.06023925030604005,0.08534758305177093
CVaR-only,0.92,1.0,Wasserstein DRO Model B,Before,0.1,0.3597597169044756,0.6041603493299725,0.036079933765551866,47.28370680448721,3,1675.4446325872284,3064.8615960847465,3064.8615960847465,3569.3668915591766,3204.9068087617825,3.018464418090353e-16,103,1.1050195227995142e-10,0.05947191594168544,0.0830112500116229
CVaR-only,0.92,1.0,Wasserstein DRO Model B,After,0.2,0.2682484031125437,0.43695140402558935,0.294800192861867,46.26511270003266,3,1630.6053883415875,3031.417937437359,3031.417937437359,3518.920262768886,3189.8952606371695,0.0,120,6.67113904391846e-10,0.06866675009950995,0.09498345758765936
CVaR-only,0.92,1.0,Wasserstein DRO Model B,Before,0.2,0.3597590260805705,0.6041614591692946,0.0360795147501347,47.28371154910006,3,1675.4445298698543,3064.8615923990797,3064.8615923990797,3569.3668915589406,3204.906620302345,0.0,112,3.856253541668003e-10,0.0643174578435719,0.08740945812314749
Expectation-only,0.96,0.0,Empirical Model B-SP,After,0.0,0.061306435679374216,0.3010262924727786,0.6376672718478471,24.34211241220813,3,1560.1016364485154,3212.7812705345136,1560.1016364485154,,,0.0,18,,0.025564915966242552,0.026120875030755997
Expectation-only,0.96,0.0,Empirical Model B-SP,Before,0.0,0.030282988515587035,0.1673637459171752,0.8023532655672378,23.454843969179876,3,1536.772121072126,3524.8598494193493,1536.772121072126,,,0.0,20,,0.026619750075042248,0.02719395887106657
Expectation-only,0.96,0.0,Wasserstein DRO Model B,After,0.05,0.06614279851323854,0.30596281096190303,0.6278943905248583,25.40981908907684,3,1561.785342487935,3211.658535794872,1561.785342487935,1882.8919895768036,3315.5253399094076,1594.9195831915654,57,2.4488144845236093e-10,0.03400933276861906,0.06115841679275036
Expectation-only,0.96,0.0,Wasserstein DRO Model B,Before,0.05,0.06608021023922336,0.17878918442850533,0.7551306053322713,24.524797616547644,3,1547.1409436922527,3500.2182864882952,1547.1409436922527,1808.4289015592171,4605.9519847085885,1678.7373394999881,58,1.1596057447604835e-11,0.03344574989750981,0.06191762536764145
Expectation-only,0.96,0.0,Wasserstein DRO Model B,After,0.1,0.07107184234601024,0.31077837696259814,0.6181497806913915,26.47266855830508,3,1563.4909146919917,3210.55890517803,1563.4909146919917,1962.5997543758824,3436.25886268537,1593.3939463424624,63,1.2505552149377763e-11,0.039236916694790125,0.0672942497767508
Expectation-only,0.96,0.0,Wasserstein DRO Model B,Before,0.1,0.06996024750550486,0.20969636762308103,0.720343384871414,25.584761540060562,3,1550.6290557737223,3483.7690573978807,1550.6290557737223,1891.912353087651,4842.334192423158,1660.36433014798,72,1.4106262824498117e-09,0.04346070811152458,0.07297408301383257
Expectation-only,0.96,0.0,Wasserstein DRO Model B,After,0.2,0.12979854633891102,0.2864311627766355,0.5837702908844535,28.118727049817338,3,1577.6381245168382,3205.673877871674,1577.6381245168382,2096.75958818941,3537.3401107815457,1282.4210648549029,51,1.1368683772161603e-12,0.030365000013262033,0.05964499991387129
Expectation-only,0.96,0.0,Wasserstein DRO Model B,Before,0.2,0.0785891019327146,0.2782542207579563,0.6431566773093291,27.35357688168463,3,1558.615585235872,3447.920262072896,1558.615585235872,2055.963989994939,5350.876185280422,1619.9964579981645,57,1.9258550310041755e-10,0.03236712468788028,0.0605104579590261
Mean-CVaR,0.96,0.2,Empirical Model B-SP,After,0.0,0.09752612486329598,0.12292251526490641,0.7795513598717976,24.389965602527845,3,1556.4241962168153,3224.6813196747526,1890.075620908403,,,0.0,39,,0.052768874913454056,0.053357415832579136
Mean-CVaR,0.96,0.2,Empirical Model B-SP,Before,0.0,0.1720058042032225,0.4608337305214699,0.3671604652753075,24.975066919205773,3,1601.7672929878236,3325.481204809995,1946.510075352258,,,0.0,30,,0.043871792033314705,0.04448433266952634
Mean-CVaR,0.96,0.2,Wasserstein DRO Model B,After,0.05,0.10649629969389145,0.3423225087235392,0.5511811915825693,29.803820275602916,3,1575.6872367366368,3203.6616282012533,1901.2821150295604,2218.273130988613,3203.6616282012374,1266.605101031483,109,4.72255123895593e-10,0.06244445778429508,0.11770637473091483
Mean-CVaR,0.96,0.2,Wasserstein DRO Model B,Before,0.05,0.13769098199233398,0.3251162960844306,0.5371927219232354,29.574787276099414,3,1579.2806543762615,3398.665900059572,1943.157703512924,2207.570826101879,3323.180813478439,1505.2709878588075,125,8.208189683500677e-11,0.0734710842370987,0.11478116689249873
Mean-CVaR,0.96,0.2,Wasserstein DRO Model B,After,0.1,0.11079144751202405,0.34555254174211913,0.5436560107458568,30.63180623847878,3,1577.138025487237,3202.956500666748,1902.3017205231395,2281.5810021600723,3202.9565006667453,1265.7127158385726,109,1.432454155292362e-11,0.061531833838671446,0.11580262519419193
Mean-CVaR,0.96,0.2,Wasserstein DRO Model B,Before,0.1,0.11718406712874355,0.36884763851126806,0.5139682943599884,30.469305777599892,3,1577.3089686850199,3388.897571591047,1939.6266892662252,2271.5349655449695,3388.897571591058,1241.0311818834448,113,6.366462912410498e-12,0.06511808419600129,0.10736237512901425
Mean-CVaR,0.96,0.2,Wasserstein DRO Model B,After,0.2,0.13163255104553456,0.3358439364281389,0.5325235125263265,31.922514267723578,3,1582.1386558990343,3201.61234859521,1906.0333944382696,2386.9550771128497,3201.6123485952116,1026.5091425313292,115,4.547473508864641e-13,0.06525524985045195,0.11918133264407516
Mean-CVaR,0.96,0.2,Wasserstein DRO Model B,Before,0.2,0.13896117925177948,0.4158710309158445,0.44516778983237604,32.0173557234469,3,1587.856992669118,3358.6912096113306,1942.0238360575609,2394.185157833126,3358.691209611329,1212.292561542629,107,1.5120349416974932e-11,0.06266754167154431,0.10382608324289322
Mean-CVaR,0.96,0.4,Empirical Model B-SP,After,0.0,0.06406553216188024,0.0708427636933386,0.8650917041447812,25.343015615589486,3,1543.9439621891356,3235.1228826869933,2220.415530388279,,,0.0,34,,0.04827433405444026,0.0489004161208868
Mean-CVaR,0.96,0.4,Empirical Model B-SP,Before,0.0,0.27744294043224355,0.4016564073139991,0.32090065225375747,24.6701850828875,3,1628.0897188479057,3309.4853779528194,2300.647982489871,,,0.0,18,,0.02345274994149804,0.024081583134829998
Mean-CVaR,0.96,0.4,Wasserstein DRO Model B,After,0.05,0.15063651884186333,0.3729649358985018,0.47639854525963476,34.03762434238095,3,1590.5723593870239,3197.4091278348515,2233.307066766155,2549.1284201537037,3197.4091278348633,943.559447322344,100,1.7053025658242404e-12,0.05631500016897917,0.1044250838458538
Mean-CVaR,0.96,0.4,Wasserstein DRO Model B,Before,0.05,0.2199663084661502,0.45606357531691905,0.3239701162169308,34.18903190542865,3,1615.598749313202,3307.886601617227,2292.5138902348117,2575.805211723861,3244.791566610433,1298.8545757127704,115,5.6843418860808015e-12,0.06852154200896621,0.09380054194480181
Mean-CVaR,0.96,0.4,Wasserstein DRO Model B,After,0.1,0.15371532009356637,0.3749745958045415,0.471310084101892,34.64625103937087,3,1591.6148203564562,3197.046675849071,2233.7875625535025,2596.296064711538,3197.0466758490065,943.1482453548455,132,2.5283952709287405e-10,0.0758945420384407,0.12454125005751848
Mean-CVaR,0.96,0.4,Wasserstein DRO Model B,Before,0.1,0.19976994538514165,0.48661254465062587,0.3136175099642325,34.87596853376172,3,1612.5364426422227,3303.517733476253,2288.928958975835,2622.682218673271,3303.5177334762457,868.1306022466864,123,8.185452315956354e-12,0.07109716720879078,0.09560474986210465
Mean-CVaR,0.96,0.4,Wasserstein DRO Model B,After,0.2,0.15667911389690206,0.3728102285923865,0.47051065751071136,35.66890973009676,3,1592.2748578801825,3196.9784633635395,2234.156300073525,2675.0087627999187,3196.9784633635136,769.4957050062328,116,2.592041924900762e-11,0.06754808267578483,0.11752791609615088
Mean-CVaR,0.96,0.4,Wasserstein DRO Model B,Before,0.2,0.21546166678334497,0.5096414768097822,0.2748968564068729,35.98197340454145,3,1619.5708023569814,3288.1445607563855,2287.0003057167432,2708.9010268244037,3288.1445607563787,856.4526179278442,113,1.5234036254696548e-11,0.0638435841538012,0.08821595879271626
Mean-CVaR,0.96,0.6,Empirical Model B-SP,After,0.0,0.04102450491101054,0.034912854481923355,0.924062640607066,25.404193652914188,3,1535.6767531841635,3243.2899349595345,2560.2446622493862,,,0.0,37,,0.05128858331590891,0.05187445925548673
Mean-CVaR,0.96,0.6,Empirical Model B-SP,Before,0.0,0.2774429404322437,0.4016564073139991,0.32090065225375725,24.102695088563287,3,1628.0897188479055,3309.4853779528194,2636.927114310854,,,0.0,17,,0.02109483303502202,0.02168458281084895
Mean-CVaR,0.96,0.6,Wasserstein DRO Model B,After,0.05,0.19412181983907417,0.39826326626884556,0.40761491389208027,38.161190129800175,3,1605.203671414491,3193.225000831666,2558.016469064796,2875.8009132204643,3193.2250008317465,625.4797539730678,101,6.8098415795248e-11,0.05668854108080268,0.10938466712832451
Mean-CVaR,0.96,0.6,Wasserstein DRO Model B,Before,0.05,0.26083150399580257,0.5339318271304467,0.20523666887375064,38.700196701200454,3,1635.9472135315732,3261.6949678176093,2611.3958661031947,2922.604477207591,3249.8885528851442,677.0543786940947,111,1.6513013179064728e-10,0.06369066564366221,0.0870594591833651
Mean-CVaR,0.96,0.6,Wasserstein DRO Model B,After,0.1,0.19590121471770283,0.3993831269092866,0.40471565837301055,38.56198091620527,3,1605.8173145293108,3193.0816780313307,2558.1759326305228,2907.0714169403145,3193.0816780313307,625.3413481926594,134,2.2737367544323206e-13,0.07666504196822643,0.12967004114761949
Mean-CVaR,0.96,0.6,Wasserstein DRO Model B,Before,0.1,0.2736221049356332,0.5540697021579138,0.17230819290645288,39.08636430168316,3,1642.0686057021157,3249.613571177897,2606.5955849875845,2950.936149086283,3249.6135711778265,550.4041544745604,98,7.003083527449543e-11,0.05595008283853531,0.0788162499666214
Mean-CVaR,0.96,0.6,Wasserstein DRO Model B,After,0.2,0.19742755016812247,0.39797786726906775,0.4045945825628098,39.23788595549311,3,1606.140953905019,3193.1049282717468,2558.3193385250556,2959.471278836332,3193.1049282717768,512.5635344388513,137,6.343725544866174e-11,0.07892266614362597,0.1323074158281088
Mean-CVaR,0.96,0.6,Wasserstein DRO Model B,Before,0.2,0.2790815058489605,0.5591205252707613,0.16179796888027825,39.77886185818127,3,1644.3227840042177,3245.8570073320248,2605.243318000902,3005.8359751564826,3245.8570073320234,548.358841058009,106,5.684341886080802e-14,0.06053487490862608,0.08342291601002216
Mean-CVaR,0.96,0.8,Empirical Model B-SP,After,0.0,0.026499769633713165,0.012232754695030273,0.9612674756712567,24.024394519324694,3,1530.623157311249,3248.8881092964098,2905.235118899378,,,0.0,19,,0.023896084167063236,0.02448537526652217
Mean-CVaR,0.96,0.8,Empirical Model B-SP,Before,0.0,0.27744294043224377,0.401656407313999,0.32090065225375725,23.523053600872082,3,1628.0897188479055,3309.4853779528185,2973.206246131836,,,0.0,17,,0.021074959076941013,0.021663791965693235
Mean-CVaR,0.96,0.8,Wasserstein DRO Model B,After,0.05,0.23387188197674283,0.4192262564049855,0.34690186161827163,42.22460793659282,3,1618.7073633385933,3190.873309971137,2876.440120644628,3198.8561859157703,3190.8733099711844,311.34316406438035,116,6.0822458181064576e-12,0.0674361246638,0.09381529176607728
Mean-CVaR,0.96,0.8,Wasserstein DRO Model B,Before,0.05,0.3217331240514806,0.5818329446703244,0.09643393127819491,43.032571565683526,3,1660.398959372174,3223.6980660679883,2911.0382447288257,3252.1223618595905,3223.69806606781,287.3224764038744,105,1.7826074794103123e-10,0.05931591708213091,0.0820690831169486
Mean-CVaR,0.96,0.8,Wasserstein DRO Model B,After,0.1,0.23457668149117827,0.4197028279882199,0.34572049052060194,42.423841209275125,3,1618.9587352775766,3190.837232765409,2876.4615332678427,3214.4227322692436,3190.8372327656807,311.318624127283,121,1.36196831590496e-10,0.06955683324486017,0.09529791725799441
Mean-CVaR,0.96,0.8,Wasserstein DRO Model B,Before,0.1,0.31959826402803965,0.577714888751603,0.10268684722035741,43.205392541598,3,1659.249253982,3225.8205478613895,2912.506289085512,3266.456400550108,3225.820547861375,286.0314572885387,113,1.4551915228366852e-11,0.06455608271062374,0.08741083322092891
Mean-CVaR,0.96,0.8,Wasserstein DRO Model B,After,0.2,0.23508998202620907,0.41906263571615476,0.3458473822576363,42.76033586217723,3,1619.0556202874586,3190.866144428407,2876.5040396002178,3240.6025804437077,3190.866144428043,256.215561376211,118,3.6425262806005776e-10,0.06697812490165234,0.09287062473595142
Mean-CVaR,0.96,0.8,Wasserstein DRO Model B,Before,0.2,0.3215493017541271,0.5795944611980359,0.09885623704783705,43.56230673697654,3,1660.0892246572357,3224.5473939097815,2911.6557600592723,3293.464517327215,3224.5473939097496,268.06011950719824,100,3.1377567211166024e-11,0.05616870895028114,0.07897183299064636
CVaR-only,0.96,1.0,Empirical Model B-SP,After,0.0,0.018672173334745468,0.0,0.9813278266652545,24.901148596684436,2,1527.9551826335432,3252.0583765781944,3252.0583765781944,,,0.0,15,,0.019043707754462957,0.019631125032901764
CVaR-only,0.96,1.0,Empirical Model B-SP,Before,0.0,0.27744294043224355,0.40165640731399954,0.32090065225375697,23.878458861157704,3,1628.0897188479057,3309.4853779528185,3309.4853779528185,,,0.0,17,,0.02099383296445012,0.02157708304002881
CVaR-only,0.96,1.0,Wasserstein DRO Model B,After,0.05,0.26824901636186627,0.436950146360639,0.29480083727749473,46.26510904051425,3,1630.6054632783514,3189.895331783023,3189.895331783023,3518.920262770531,3189.895331783006,6.541147480050861e-18,106,1.6825651982799172e-11,0.0602226248010993,0.08102687541395426
CVaR-only,0.96,1.0,Wasserstein DRO Model B,Before,0.05,0.3597581292669653,0.6041611383344306,0.03608073239860413,47.28370861848606,3,1675.4441926294667,3204.906972503049,3204.906972503049,3569.366891556531,3204.9069725030495,4.987894486557239e-16,105,6.986336165953673e-15,0.058594583068042994,0.0814491668716073
CVaR-only,0.96,1.0,Wasserstein DRO Model B,After,0.1,0.2682473595221463,0.4369516813566333,0.2948009591212203,46.26511577728577,3,1630.6050956108866,3189.895234003907,3189.895234003907,3518.9202627689915,3189.895234003907,0.0,121,2.0194094395129205e-15,0.06764575000852346,0.08833916671574116
CVaR-only,0.96,1.0,Wasserstein DRO Model B,Before,0.1,0.3597594574473907,0.6041600567001665,0.03608048585244307,47.283704672557064,3,1675.4445118935232,3204.9069783545833,3204.9069783545833,3569.366891558564,3204.9069783550535,0.0,102,1.4210854715202004e-14,0.05836233403533697,0.08161729108542204
CVaR-only,0.96,1.0,Wasserstein DRO Model B,After,0.2,0.26824649483394375,0.4369527707748343,0.2948007343912219,46.265119607887314,3,1630.6049292984706,3189.8951683593878,3189.8951683593878,3518.9202627703808,3189.8951683593873,8.322878768457641e-17,99,4.545904387496749e-13,0.05631516734138131,0.07748004188761115
CVaR-only,0.96,1.0,Wasserstein DRO Model B,Before,0.2,0.35975832072536895,0.6041608526076097,0.03608082666702151,47.28370741108141,3,1675.4442236271138,3204.907017327008,3204.907017327008,3569.3668915565163,3204.907017327007,0.0,92,4.547473508864641e-13,0.05201479094102979,0.07489962503314018
