RiskCase,alpha,eta,Model,Network,rho,QStarNormal,QStarUpper,QStarLower,QStarShortcut,QStarSystemWide,RobustTiltShortcut,RobustTiltSystemWide,P1,P2,P3,pi_od,MeanTest,CVaRTest,CETest
Expectation-only,0.92,0.0,Empirical Model B-SP,After,0.0,0.5454545454545454,0.18181818181818182,0.18181818181818182,0.09090909090909091,0.0,0.09090909090909091,0.0,0.061306435679374216,0.3010262924727786,0.6376672718478471,24.34211241220813,1560.1016364485154,3037.064808633266,1560.1016364485154
Expectation-only,0.92,0.0,Empirical Model B-SP,Before,0.0,0.5454545454545454,0.18181818181818182,0.18181818181818182,0.09090909090909091,0.0,0.09090909090909091,0.0,0.030282988515587035,0.1673637459171752,0.8023532655672378,23.454843969179876,1536.772121072126,3411.382913578576,1536.772121072126
Expectation-only,0.92,0.0,Wasserstein DRO Model B,After,0.05,0.5454545500418256,0.18181818334727523,0.18181817493726143,0.04963467415586939,0.041274417517768225,0.04963467415586939,0.041274417517768225,0.06614279851323854,0.30596281096190303,0.6278943905248583,25.40981908907684,1561.785342487935,3036.620180866291,1561.785342487935
Expectation-only,0.92,0.0,Wasserstein DRO Model B,Before,0.05,0.5454545454545454,0.14054377797758882,0.18181818181818177,0.09090907757903412,0.04127441717064982,0.09090907757903412,0.04127441717064982,0.06608021023922336,0.17878918442850533,0.7551306053322713,24.524797616547644,1547.1409436922527,3380.2491923322714,1547.1409436922527
Expectation-only,0.92,0.0,Wasserstein DRO Model B,After,0.1,0.5454545454545454,0.18181818181818182,0.18181818181818182,0.008360256567791291,0.08254883434129962,0.008360256567791291,0.08254883434129962,0.07107184234601024,0.31077837696259814,0.6181497806913915,26.47266855830508,1563.4909146919917,3036.180290794343,1563.4909146919917
Expectation-only,0.92,0.0,Wasserstein DRO Model B,Before,0.1,0.5454545454545453,0.09926936254318823,0.18181818181818182,0.09090907584278493,0.0825488343412996,0.09090907584278493,0.0825488343412996,0.06996024750550486,0.20969636762308103,0.720343384871414,25.584761540060562,1550.6290557737223,3358.575947661981,1550.6290557737223
Expectation-only,0.92,0.0,Wasserstein DRO Model B,After,0.2,0.5454545454545455,0.1076296040446735,0.18181818181818185,0.0,0.16509766868259926,0.0,0.16509766868259926,0.12979854633891102,0.2864311627766355,0.5837702908844535,28.118727049817338,1577.6381245168382,3027.964674221361,1577.6381245168382
Expectation-only,0.92,0.0,Wasserstein DRO Model B,Before,0.2,0.5454545454545454,0.01672053267357606,0.18181818181818182,0.09090907137109744,0.16509766868259929,0.09090907137109744,0.16509766868259929,0.0785891019327146,0.2782542207579563,0.6431566773093291,27.35357688168463,1558.615585235872,3311.182364424256,1558.615585235872
Mean-CVaR,0.92,0.2,Empirical Model B-SP,After,0.0,0.5454545454545454,0.18181818181818182,0.18181818181818182,0.09090909090909091,0.0,0.07272727272727274,0.0,0.09752601041895051,0.12292233732445361,0.779551652256596,24.38996584831102,1556.424152673928,3024.7130356852936,1850.0819292762012
Mean-CVaR,0.92,0.2,Empirical Model B-SP,Before,0.0,0.5454545454545454,0.18181818181818182,0.18181818181818182,0.09090909090909091,0.0,0.07272727272727274,0.0,0.17200657700148358,0.46083329929237077,0.3671601237061457,23.63351593864705,1601.7674783438733,3148.4151033458106,1911.0970033442609
Mean-CVaR,0.92,0.2,Wasserstein DRO Model B,After,0.05,0.5454545454545454,0.18181818181818182,0.18181818181818182,0.049634673738441104,0.04127441717064981,0.03970773899075289,0.13620557666314442,0.1293355690833738,0.19728845149286253,0.6733759794237636,27.91938353101225,1570.5972601295039,3023.878534030095,1861.253514909622
Mean-CVaR,0.92,0.2,Wasserstein DRO Model B,Before,0.05,0.5454545454545454,0.14054387106570418,0.18181818181818182,0.09090898449091875,0.04127441717064981,0.072727187592735,0.13620557666314442,0.19426098181266385,0.44839837013819894,0.3573406480491371,27.167141756047982,1607.149551231873,3143.0577938300758,1914.3311997515136
Mean-CVaR,0.92,0.2,Wasserstein DRO Model B,After,0.1,0.5454545454545454,0.18181818181818182,0.18181818181818182,0.008360256567791297,0.08254883434129962,0.006688205254233037,0.26603906747303974,0.11078798920428648,0.34555668330446393,0.5436553274912496,30.63181804892799,1577.1374102318605,3033.2736583218575,1868.36465984986
Mean-CVaR,0.92,0.2,Wasserstein DRO Model B,Before,0.1,0.5336172210204998,0.11365547974375581,0.1818181818181818,0.09090909090909088,0.08000002650847149,0.07272727272727271,0.26400002120677724,0.18753458195287884,0.3271311314437588,0.4853342866033624,30.214467840025357,1593.9884185204992,3217.208841011341,1918.6325030186676
Mean-CVaR,0.92,0.2,Wasserstein DRO Model B,After,0.2,0.5454545454545455,0.10762960404467352,0.18181818181818185,0.0,0.16509766868259926,0.0,0.33207813494607935,0.13163250088151718,0.3358425966434514,0.5325249024750315,31.92251480879049,1582.1385320955887,3030.575276039805,1871.825880884432
Mean-CVaR,0.92,0.2,Wasserstein DRO Model B,Before,0.2,0.40960773700408803,0.18181780055807678,0.18181818181818182,0.09090909090909093,0.13584718971056242,0.07272727272727274,0.30867775176844997,0.13895892359377737,0.41586307488366125,0.4451780015225613,32.017360124371365,1587.8555987328264,3193.026252440533,1908.8897294743679
Mean-CVaR,0.92,0.4,Empirical Model B-SP,After,0.0,0.5454545454545454,0.18181818181818182,0.18181818181818182,0.09090909090909091,0.0,0.05454545454545454,0.0,0.06406438055151784,0.0708409693144346,0.8650946501340476,25.343018937330342,1543.9435418759372,3027.9350326935187,2137.54013820297
Mean-CVaR,0.92,0.4,Empirical Model B-SP,Before,0.0,0.5454545454545454,0.18181818181818182,0.18181818181818182,0.09090909090909091,0.0,0.4545454545454546,0.0,0.2774429404322439,0.4016564073139982,0.32090065225375797,24.6701850828875,1628.0897188479055,3126.399832493313,2227.4137643060685
Mean-CVaR,0.92,0.4,Wasserstein DRO Model B,After,0.05,0.5454545454545454,0.18181818181818182,0.18181818181818182,0.049634673738441104,0.04127441717064981,0.02978080424306466,0.23113672378544886,0.13233582789117534,0.1769918863962054,0.6906722857126193,29.787020259117313,1569.9065590866724,3022.8027275169165,2151.0650264587703
Mean-CVaR,0.92,0.4,Wasserstein DRO Model B,Before,0.05,0.5454545454545454,0.18181818181818182,0.18181818181818182,0.049634673738441104,0.04127441717064981,0.029780804243064663,0.23113673615563915,0.2774429404322438,0.40165640731399926,0.3209006522537571,29.554730448307495,1628.0897188479057,3126.399832493313,2227.4137643060685
Mean-CVaR,0.92,0.4,Wasserstein DRO Model B,After,0.1,0.5454545454545454,0.18181818181818182,0.18181818181818182,0.008360256567791295,0.08254883434129962,0.005016153940674777,0.4495292857304371,0.15371205369690244,0.37497395590640875,0.47131399039668886,34.6462631682257,1591.6138390542028,3031.197963978135,2167.4474890237757
Mean-CVaR,0.92,0.4,Wasserstein DRO Model B,Before,0.1,0.5336172270364556,0.18181818181818182,0.18181818181818182,0.02274638152335601,0.08000002780382462,0.013647828914013607,0.4480000166822948,0.25490922836530866,0.44904275857476994,0.29604801305992134,34.50464743627499,1625.582839992392,3122.6499658057696,2224.4096903177433
Mean-CVaR,0.92,0.4,Wasserstein DRO Model B,After,0.2,0.48441083986905015,0.18181721523215366,0.18181818181818182,0.0,0.1519537630806143,0.0,0.4911722578483686,0.156679871545342,0.372805159368857,0.47051496908580104,35.668905774271096,1592.2746469801584,3030.8249580039123,2167.6947713896598
Mean-CVaR,0.92,0.4,Wasserstein DRO Model B,Before,0.2,0.4096076167270643,0.18181794673310012,0.18181818181818185,0.09090909090909084,0.13584716381256298,0.0545454545454545,0.48150829828753783,0.2154668604953755,0.509629737018546,0.27490340248607853,35.98194241353082,1619.5711676225326,3122.9487034287927,2220.9221819450368
Mean-CVaR,0.92,0.6,Empirical Model B-SP,After,0.0,0.5454545454545454,0.18181818181818182,0.18181818181818182,0.09090909090909091,0.0,0.03636363636363637,0.0,0.04102449384607452,0.03491283721336439,0.9240626689405611,25.404193683471178,1535.6767492856304,3031.038004763784,2432.8935025725227
Mean-CVaR,0.92,0.6,Empirical Model B-SP,Before,0.0,0.5454545454545454,0.18181818181818182,0.18181818181818182,0.09090909090909091,0.0,0.6363636363636364,0.0,0.2774429404322437,0.401656407313999,0.32090065225375725,24.102695088563287,1628.0897188479055,3126.3998324933123,2527.0757870351495
Mean-CVaR,0.92,0.6,Wasserstein DRO Model B,After,0.05,0.5454545454545454,0.18181805395684114,0.18181818181818196,0.04963480159978165,0.041274417170649905,0.01985392063991266,0.3260678956481338,0.14928916340512638,0.20328993381574736,0.6474209027791263,32.5534147406963,1576.630857994971,3022.3583244166684,2444.0673378479896
Mean-CVaR,0.92,0.6,Wasserstein DRO Model B,Before,0.05,0.5454545454545454,0.18181818181818182,0.18181818181818182,0.049634673738441104,0.04127441717064981,0.019853869495376444,0.32606789564813365,0.2774429404322437,0.40165640731399915,0.32090065225375725,32.31523493449154,1628.0897188479057,3126.399832493313,2527.07578703515
Mean-CVaR,0.92,0.6,Wasserstein DRO Model B,After,0.1,0.5454545454545455,0.1818180377393893,0.1818181818181818,0.0083604006465838,0.08254883434129964,0.0033441602586335205,0.6330195337365199,0.19590446038369694,0.3993842650624324,0.4047112745538707,38.56196875016009,1605.8183566926937,3030.266740426367,2460.4873869328976
Mean-CVaR,0.92,0.6,Wasserstein DRO Model B,Before,0.1,0.5336176033715366,0.18181818181818182,0.18181818181818182,0.022745924155960082,0.0800001088361396,0.009098369662384033,0.6320000435344558,0.25611858528570675,0.5231918078107326,0.22068960690356051,39.036675042783244,1633.3675936747575,3107.0430067613256,2517.5728415266985
Mean-CVaR,0.92,0.6,Wasserstein DRO Model B,After,0.2,0.4844105447188363,0.1818175739339905,0.18181818181818168,0.0,0.15195369952899157,0.0,0.6607814798115966,0.19742313839136333,0.3979849253874792,0.4045919362211575,39.23790663282513,1606.1402748919606,3030.091336209042,2460.5109116822096
Mean-CVaR,0.92,0.6,Wasserstein DRO Model B,Before,0.2,0.4844102568307582,0.181817923810011,0.18181818181818182,0.0,0.1519536375410489,0.0,0.6607814550164195,0.27907845349651145,0.5591235514325532,0.1617979950709354,39.778875069366194,1644.3221559985682,3093.488254599937,2513.821815159389
Mean-CVaR,0.92,0.8,Empirical Model B-SP,After,0.0,0.5454545454545454,0.18181818181818182,0.18181818181818182,0.09090909090909091,0.0,0.018181818181818177,0.0,0.026498736021609064,0.012231139866653402,0.9612701241117376,24.024396712207214,1530.6228023720769,3033.4019148688026,2732.8460923694574
Mean-CVaR,0.92,0.8,Empirical Model B-SP,Before,0.0,0.5454545454545454,0.18181818181818182,0.18181818181818182,0.09090909090909091,0.0,0.8181818181818182,0.0,0.27744294043224366,0.4016564073139991,0.32090065225375713,23.523053600872082,1628.0897188479053,3126.3998324933123,2826.737809764231
Mean-CVaR,0.92,0.8,Wasserstein DRO Model B,After,0.05,0.5454545454545454,0.18181818181818182,0.18181818181818182,0.049634673738441104,0.04127441717064981,0.009926934747688219,0.4209990551406284,0.23453235931858218,0.4196740231552066,0.34579361752621124,34.374544350363934,1618.9430261036146,3030.4182696464113,2748.123220937852
Mean-CVaR,0.92,0.8,Wasserstein DRO Model B,Before,0.05,0.5454545454545454,0.18181818181818182,0.18181818181818182,0.049634673738441104,0.04127441717064981,0.009926934747688219,0.4209990551406283,0.3202834623786985,0.5764062379934425,0.10331029962785923,34.74683630594461,1659.324973281972,3078.9773705785738,2795.0468911192534
Mean-CVaR,0.92,0.8,Wasserstein DRO Model B,After,0.1,0.5454545454545454,0.18181818181818182,0.18181818181818182,0.008360256567791295,0.08254883434129962,0.0016720513135582585,0.8165097668682599,0.2345732409808893,0.4197033279596913,0.34572343105941944,42.42385437716641,1618.9577548902525,3030.4196221277,2748.127248680211
Mean-CVaR,0.92,0.8,Wasserstein DRO Model B,Before,0.1,0.5454545454545454,0.18181818181818182,0.18181818181818182,0.008360256567791295,0.08254883434129962,0.0016720513135582585,0.8165097668682599,0.3195987209500381,0.5777133930501175,0.10268788599984444,43.20538734314782,1659.2492349779777,3078.9456003601053,2795.0063272836796
Mean-CVaR,0.92,0.8,Wasserstein DRO Model B,After,0.2,0.48441074550368074,0.18181732991623564,0.18181818181818182,0.0,0.15195374276190177,0.0,0.8303907485523804,0.23508658216761663,0.41906830632727027,0.3458451115051131,42.76035244768765,1619.055103233494,3030.358243812264,2748.09761569651
Mean-CVaR,0.92,0.8,Wasserstein DRO Model B,Before,0.2,0.4844104214871537,0.18181772369986815,0.18181818181818182,0.0,0.15195367299479628,0.0,0.8303907345989593,0.32154532077260284,0.5795923992752873,0.09886227995210978,43.5623018902465,1660.0877071146285,3078.124196232781,2794.5168984091506
CVaR-only,0.92,1.0,Empirical Model B-SP,After,0.0,0.5454545454545454,0.18181818181818182,0.18181818181818182,0.09090909090909091,0.0,0.0,0.0,0.018672173334746214,1.1753415216254863e-16,0.9813278266652536,24.901148596684436,1527.9551826335432,3034.8146203220585,3034.8146203220585
CVaR-only,0.92,1.0,Empirical Model B-SP,Before,0.0,0.5454545454545454,0.18181818181818182,0.18181818181818182,0.09090909090909091,0.0,1.0,0.0,0.2774429404322437,0.4016564073139991,0.3209006522537571,22.93575315997802,1628.0897188479055,3126.3998324933127,3126.3998324933127
CVaR-only,0.92,1.0,Wasserstein DRO Model B,After,0.05,0.5454545454545454,0.14054376464753202,0.1818181818181818,0.09090909090909091,0.04127441717064981,0.0,0.5159302146331227,0.26824674419608113,0.4369502041729653,0.29480305163095355,36.287462517720286,1630.6047775057834,3031.4178380018748,3031.4178380018748
CVaR-only,0.92,1.0,Wasserstein DRO Model B,Before,0.05,0.5454545454545454,0.14054376464753202,0.1818181818181818,0.09090909090909091,0.04127441717064981,0.0,0.5159302146331227,0.359758145229223,0.6041604325299649,0.03608142224081192,36.951080894557336,1675.444116278512,3064.8619458242297,3064.8619458242297
CVaR-only,0.92,1.0,Wasserstein DRO Model B,After,0.1,0.5454545454545454,0.09926934747688221,0.18181818181818177,0.09090909090909094,0.08254883434129962,0.0,1.0,0.2682476801541859,0.4369509795394781,0.294801340306336,46.26511444512434,1630.6051308658361,3031.417902265309,3031.417902265309
CVaR-only,0.92,1.0,Wasserstein DRO Model B,Before,0.1,0.5454545454545454,0.09926934747688221,0.18181818181818177,0.09090909090909094,0.08254883434129962,0.0,1.0,0.3597597169044756,0.6041603493299725,0.036079933765551866,47.28370680448721,1675.4446325872284,3064.8615960847465,3064.8615960847465
CVaR-only,0.92,1.0,Wasserstein DRO Model B,After,0.2,0.5454545454545455,0.016720513135582597,0.18181818181818182,0.09090909090909093,0.16509766868259926,0.0,1.0,0.2682484031125437,0.43695140402558935,0.294800192861867,46.26511270003266,1630.6053883415875,3031.417937437359,3031.417937437359
CVaR-only,0.92,1.0,Wasserstein DRO Model B,Before,0.2,0.5454545454545455,0.016720513135582597,0.18181818181818182,0.09090909090909093,0.16509766868259926,0.0,1.0,0.3597590260805705,0.6041614591692946,0.0360795147501347,47.28371154910006,1675.4445298698543,3064.8615923990797,3064.8615923990797
Expectation-only,0.96,0.0,Empirical Model B-SP,After,0.0,0.5454545454545454,0.18181818181818182,0.18181818181818182,0.09090909090909091,0.0,0.09090909090909091,0.0,0.061306435679374216,0.3010262924727786,0.6376672718478471,24.34211241220813,1560.1016364485154,3212.7812705345136,1560.1016364485154
Expectation-only,0.96,0.0,Empirical Model B-SP,Before,0.0,0.5454545454545454,0.18181818181818182,0.18181818181818182,0.09090909090909091,0.0,0.09090909090909091,0.0,0.030282988515587035,0.1673637459171752,0.8023532655672378,23.454843969179876,1536.772121072126,3524.8598494193493,1536.772121072126
Expectation-only,0.96,0.0,Wasserstein DRO Model B,After,0.05,0.5454545500418256,0.18181818334727523,0.18181817493726143,0.04963467415586939,0.041274417517768225,0.04963467415586939,0.041274417517768225,0.06614279851323854,0.30596281096190303,0.6278943905248583,25.40981908907684,1561.785342487935,3211.658535794872,1561.785342487935
Expectation-only,0.96,0.0,Wasserstein DRO Model B,Before,0.05,0.5454545454545454,0.14054377797758882,0.18181818181818177,0.09090907757903412,0.04127441717064982,0.09090907757903412,0.04127441717064982,0.06608021023922336,0.17878918442850533,0.7551306053322713,24.524797616547644,1547.1409436922527,3500.2182864882952,1547.1409436922527
Expectation-only,0.96,0.0,Wasserstein DRO Model B,After,0.1,0.5454545454545454,0.18181818181818182,0.18181818181818182,0.008360256567791291,0.08254883434129962,0.008360256567791291,0.08254883434129962,0.07107184234601024,0.31077837696259814,0.6181497806913915,26.47266855830508,1563.4909146919917,3210.55890517803,1563.4909146919917
Expectation-only,0.96,0.0,Wasserstein DRO Model B,Before,0.1,0.5454545454545453,0.09926936254318823,0.18181818181818182,0.09090907584278493,0.0825488343412996,0.09090907584278493,0.0825488343412996,0.06996024750550486,0.20969636762308103,0.720343384871414,25.584761540060562,1550.6290557737223,3483.7690573978807,1550.6290557737223
Expectation-only,0.96,0.0,Wasserstein DRO Model B,After,0.2,0.5454545454545455,0.1076296040446735,0.18181818181818185,0.0,0.16509766868259926,0.0,0.16509766868259926,0.12979854633891102,0.2864311627766355,0.5837702908844535,28.118727049817338,1577.6381245168382,3205.673877871674,1577.6381245168382
Expectation-only,0.96,0.0,Wasserstein DRO Model B,Before,0.2,0.5454545454545454,0.01672053267357606,0.18181818181818182,0.09090907137109744,0.16509766868259929,0.09090907137109744,0.16509766868259929,0.0785891019327146,0.2782542207579563,0.6431566773093291,27.35357688168463,1558.615585235872,3447.920262072896,1558.615585235872
Mean-CVaR,0.96,0.2,Empirical Model B-SP,After,0.0,0.5454545454545454,0.18181818181818182,0.18181818181818182,0.09090909090909091,0.0,0.07272727272727274,0.0,0.09752612486329598,0.12292251526490641,0.7795513598717976,24.389965602527845,1556.4241962168153,3224.6813196747526,1890.075620908403
Mean-CVaR,0.96,0.2,Empirical Model B-SP,Before,0.0,0.5454545454545454,0.18181818181818182,0.18181818181818182,0.09090909090909091,0.0,0.2727272727272727,0.0,0.1720058042032225,0.4608337305214699,0.3671604652753075,24.975066919205773,1601.7672929878236,3325.481204809995,1946.510075352258
Mean-CVaR,0.96,0.2,Wasserstein DRO Model B,After,0.05,0.5454545454545454,0.18181818181818182,0.18181818181818182,0.0496346737384411,0.041274417170649814,0.039707738990752875,0.2330195220406268,0.10649629969389145,0.3423225087235392,0.5511811915825693,29.803820275602916,1575.6872367366368,3203.6616282012533,1901.2821150295604
Mean-CVaR,0.96,0.2,Wasserstein DRO Model B,Before,0.05,0.5395360512241224,0.1477366266235634,0.18181818181818182,0.09090909090909091,0.04000004942504139,0.07272727272727274,0.23200003954003312,0.13769098199233398,0.3251162960844306,0.5371927219232354,29.574787276099414,1579.2806543762615,3398.665900059572,1943.157703512924
Mean-CVaR,0.96,0.2,Wasserstein DRO Model B,After,0.1,0.5454545454545454,0.18181818181818182,0.18181818181818182,0.008360256567791295,0.08254883434129962,0.0066882052542330366,0.2660390553182802,0.11079144751202405,0.34555254174211913,0.5436560107458568,30.63180623847878,1577.138025487237,3202.956500666748,1902.3017205231395
Mean-CVaR,0.96,0.2,Wasserstein DRO Model B,Before,0.1,0.4775314493531784,0.18181761671916452,0.18181818181818185,0.0909090909090909,0.06792366120038446,0.07272727272727271,0.2543389289603075,0.11718406712874355,0.36884763851126806,0.5139682943599884,30.469305777599892,1577.3089686850199,3388.897571591047,1939.6266892662252
Mean-CVaR,0.96,0.2,Wasserstein DRO Model B,After,0.2,0.5454545454545455,0.10762960404467352,0.18181818181818185,0.0,0.16509766868259926,0.0,0.33207812000473186,0.13163255104553456,0.3358439364281389,0.5325235125263265,31.922514267723578,1582.1386558990343,3201.61234859521,1906.0333944382696
Mean-CVaR,0.96,0.2,Wasserstein DRO Model B,Before,0.2,0.40960773699512776,0.18181780056896626,0.1818181818181818,0.09090909090909091,0.13584718970863308,0.07272727272727275,0.30867775176690654,0.13896117925177948,0.4158710309158445,0.44516778983237604,32.0173557234469,1587.856992669118,3358.6912096113306,1942.0238360575609
Mean-CVaR,0.96,0.4,Empirical Model B-SP,After,0.0,0.5454545454545454,0.18181818181818182,0.18181818181818182,0.09090909090909091,0.0,0.05454545454545454,0.0,0.06406553216188024,0.0708427636933386,0.8650917041447812,25.343015615589486,1543.9439621891356,3235.1228826869933,2220.415530388279
Mean-CVaR,0.96,0.4,Empirical Model B-SP,Before,0.0,0.5454545454545454,0.18181818181818182,0.18181818181818182,0.09090909090909091,0.0,0.4545454545454546,0.0,0.27744294043224355,0.4016564073139991,0.32090065225375747,24.6701850828875,1628.0897188479057,3309.4853779528194,2300.647982489871
Mean-CVaR,0.96,0.4,Wasserstein DRO Model B,After,0.05,0.5454545454545454,0.18181818181818182,0.18181818181818182,0.049634673738441104,0.04127441717064981,0.02978080424306466,0.4247646503023899,0.15063651884186333,0.3729649358985018,0.47639854525963476,34.03762434238095,1590.5723593870239,3197.4091278348515,2233.307066766155
Mean-CVaR,0.96,0.4,Wasserstein DRO Model B,Before,0.05,0.5395359868864358,0.1477367048144143,0.18181818181818182,0.09090909090909091,0.04000003557187713,0.05454545454545454,0.4240000213431263,0.2199663084661502,0.45606357531691905,0.3239701162169308,34.18903190542865,1615.598749313202,3307.886601617227,2292.5138902348117
Mean-CVaR,0.96,0.4,Wasserstein DRO Model B,After,0.1,0.5454545454545454,0.18181818181818182,0.18181818181818182,0.008360256567791295,0.08254883434129962,0.0050161539406747765,0.4495293006047798,0.15371532009356637,0.3749745958045415,0.471310084101892,34.64625103937087,1591.6148203564562,3197.046675849071,2233.7875625535025
Mean-CVaR,0.96,0.4,Wasserstein DRO Model B,Before,0.1,0.4775311958644803,0.1818179247889448,0.18181818181818182,0.09090909090909091,0.06792360661930216,0.05454545454545454,0.4407541639715813,0.19976994538514165,0.48661254465062587,0.3136175099642325,34.87596853376172,1612.5364426422227,3303.517733476253,2288.928958975835
Mean-CVaR,0.96,0.4,Wasserstein DRO Model B,After,0.2,0.48441083990101363,0.1818172151933078,0.18181818181818182,0.0,0.1519537630874967,0.0,0.491172257852498,0.15667911389690206,0.3728102285923865,0.47051065751071136,35.66890973009676,1592.2748578801825,3196.9784633635395,2234.156300073525
Mean-CVaR,0.96,0.4,Wasserstein DRO Model B,Before,0.2,0.4096076167391147,0.18181794671845466,0.18181818181818182,0.09090909090909097,0.13584716381515782,0.05454545454545458,0.4815082982890947,0.21546166678334497,0.5096414768097822,0.2748968564068729,35.98197340454145,1619.5708023569814,3288.1445607563855,2287.0003057167432
Mean-CVaR,0.96,0.6,Empirical Model B-SP,After,0.0,0.5454545454545454,0.18181818181818182,0.18181818181818182,0.09090909090909091,0.0,0.03636363636363637,0.0,0.04102450491101054,0.034912854481923355,0.924062640607066,25.404193652914188,1535.6767531841635,3243.2899349595345,2560.2446622493862
Mean-CVaR,0.96,0.6,Empirical Model B-SP,Before,0.0,0.5454545454545454,0.18181818181818182,0.18181818181818182,0.09090909090909091,0.0,0.6363636363636364,0.0,0.2774429404322437,0.4016564073139991,0.32090065225375725,24.102695088563287,1628.0897188479055,3309.4853779528194,2636.927114310854
Mean-CVaR,0.96,0.6,Wasserstein DRO Model B,After,0.05,0.5454545454545453,0.1818180386720197,0.1818181818181819,0.04963481688460325,0.041274417170649724,0.019853926753841303,0.6165097668682599,0.19412181983907417,0.39826326626884556,0.40761491389208027,38.161190129800175,1605.203671414491,3193.225000831666,2558.016469064796
Mean-CVaR,0.96,0.6,Wasserstein DRO Model B,Before,0.05,0.5395364996677655,0.18181818181818182,0.18181818181818182,0.056826990712128524,0.040000145983742325,0.02273079628485141,0.6160000583934969,0.26083150399580257,0.5339318271304467,0.20523666887375064,38.700196701200454,1635.9472135315732,3261.6949678176093,2611.3958661031947
Mean-CVaR,0.96,0.6,Wasserstein DRO Model B,After,0.1,0.5454545454545455,0.1818180377378372,0.18181818181818193,0.00836040064813589,0.08254883434129957,0.003344160259254356,0.6330195337365198,0.19590121471770283,0.3993831269092866,0.40471565837301055,38.56198091620527,1605.8173145293108,3193.0816780313307,2558.1759326305228
Mean-CVaR,0.96,0.6,Wasserstein DRO Model B,Before,0.1,0.47753381492600355,0.18181818181818182,0.18181818181818182,0.09090565088307964,0.0679241705545531,0.03636226035323186,0.6271696682218212,0.2736221049356332,0.5540697021579138,0.17230819290645288,39.08636430168316,1642.0686057021157,3249.613571177897,2606.5955849875845
Mean-CVaR,0.96,0.6,Wasserstein DRO Model B,After,0.2,0.48441054468200284,0.18181757397875475,0.1818181818181819,0.0,0.15195369952106053,0.0,0.6607814798084242,0.19742755016812247,0.39797786726906775,0.4045945825628098,39.23788595549311,1606.140953905019,3193.1049282717468,2558.3193385250556
Mean-CVaR,0.96,0.6,Wasserstein DRO Model B,Before,0.2,0.48441025682628863,0.18181792381544298,0.18181818181818182,0.0,0.1519536375400865,0.0,0.6607814550160346,0.2790815058489605,0.5591205252707613,0.16179796888027825,39.77886185818127,1644.3227840042177,3245.8570073320248,2605.243318000902
Mean-CVaR,0.96,0.8,Empirical Model B-SP,After,0.0,0.5454545454545454,0.18181818181818182,0.18181818181818182,0.09090909090909091,0.0,0.018181818181818177,0.0,0.026499769633713165,0.012232754695030273,0.9612674756712567,24.024394519324694,1530.623157311249,3248.8881092964098,2905.235118899378
Mean-CVaR,0.96,0.8,Empirical Model B-SP,Before,0.0,0.5454545454545454,0.18181818181818182,0.18181818181818182,0.09090909090909091,0.0,0.8181818181818182,0.0,0.27744294043224377,0.401656407313999,0.32090065225375725,23.523053600872082,1628.0897188479055,3309.4853779528185,2973.206246131836
Mean-CVaR,0.96,0.8,Wasserstein DRO Model B,After,0.05,0.5454545454545454,0.18181789639622736,0.18181818181818185,0.04963495916039547,0.04127441717064992,0.009926991832079091,0.80825488343413,0.23387188197674283,0.4192262564049855,0.34690186161827163,42.22460793659282,1618.7073633385933,3190.873309971137,2876.440120644628
Mean-CVaR,0.96,0.8,Wasserstein DRO Model B,Before,0.05,0.5454545454545454,0.18181785140047926,0.1818181818181818,0.04963500415614381,0.04127441717064978,0.00992700083122876,0.80825488343413,0.3217331240514806,0.5818329446703244,0.09643393127819491,43.032571565683526,1660.398959372174,3223.6980660679883,2911.0382447288257
Mean-CVaR,0.96,0.8,Wasserstein DRO Model B,After,0.1,0.5454545454545455,0.18181789542605187,0.18181818181818185,0.008360542959921106,0.08254883434129973,0.0016721085919842208,0.8165097668682599,0.23457668149117827,0.4197028279882199,0.34572049052060194,42.423841209275125,1618.9587352775766,3190.837232765409,2876.4615332678427
Mean-CVaR,0.96,0.8,Wasserstein DRO Model B,Before,0.1,0.5454545454545454,0.18181783879918068,0.1818181818181818,0.00836059958679256,0.08254883434129942,0.0016721199173585118,0.8165097668682599,0.31959826402803965,0.577714888751603,0.10268684722035741,43.205392541598,1659.249253982,3225.8205478613895,2912.506289085512
Mean-CVaR,0.96,0.8,Wasserstein DRO Model B,After,0.2,0.4844107454784506,0.18181732994689845,0.1818181818181818,0.0,0.15195374275646922,0.0,0.8303907485512939,0.23508998202620907,0.41906263571615476,0.3458473822576363,42.76033586217723,1619.0556202874586,3190.866144428407,2876.5040396002178
Mean-CVaR,0.96,0.8,Wasserstein DRO Model B,Before,0.2,0.4844104214800731,0.18181772370847346,0.18181818181818185,0.0,0.1519536729932717,0.0,0.8303907345986544,0.3215493017541271,0.5795944611980359,0.09885623704783705,43.56230673697654,1660.0892246572357,3224.5473939097815,2911.6557600592723
CVaR-only,0.96,1.0,Empirical Model B-SP,After,0.0,0.5454545454545454,0.18181818181818182,0.18181818181818182,0.09090909090909091,0.0,0.0,0.0,0.018672173334745468,0.0,0.9813278266652545,24.901148596684436,1527.9551826335432,3252.0583765781944,3252.0583765781944
CVaR-only,0.96,1.0,Empirical Model B-SP,Before,0.0,0.5454545454545454,0.18181818181818182,0.18181818181818182,0.09090909090909091,0.0,0.0,0.0,0.27744294043224355,0.40165640731399954,0.32090065225375697,23.878458861157704,1628.0897188479057,3309.4853779528185,3309.4853779528185
CVaR-only,0.96,1.0,Wasserstein DRO Model B,After,0.05,0.5454545454545454,0.14054376464753202,0.1818181818181818,0.09090909090909091,0.04127441717064981,0.0,0.9999999748395246,0.26824901636186627,0.436950146360639,0.29480083727749473,46.26510904051425,1630.6054632783514,3189.895331783023,3189.895331783023
CVaR-only,0.96,1.0,Wasserstein DRO Model B,Before,0.05,0.5454545454545454,0.14054376464753202,0.1818181818181818,0.09090909090909091,0.04127441717064981,0.0,0.9999999713939787,0.3597581292669653,0.6041611383344306,0.03608073239860413,47.28370861848606,1675.4441926294667,3204.906972503049,3204.906972503049
CVaR-only,0.96,1.0,Wasserstein DRO Model B,After,0.1,0.5454545454545454,0.09926934747688221,0.18181818181818177,0.09090909090909094,0.08254883434129962,0.0,0.999999974839489,0.2682473595221463,0.4369516813566333,0.2948009591212203,46.26511577728577,1630.6050956108866,3189.895234003907,3189.895234003907
CVaR-only,0.96,1.0,Wasserstein DRO Model B,Before,0.1,0.5454545454545454,0.09926934747688221,0.18181818181818177,0.09090909090909094,0.08254883434129962,0.0,0.9999999713940119,0.3597594574473907,0.6041600567001665,0.03608048585244307,47.283704672557064,1675.4445118935232,3204.9069783545833,3204.9069783545833
CVaR-only,0.96,1.0,Wasserstein DRO Model B,After,0.2,0.5454545454545455,0.016720513135582597,0.18181818181818182,0.09090909090909093,0.16509766868259926,0.0,0.9999999748394656,0.26824649483394375,0.4369527707748343,0.2948007343912219,46.265119607887314,1630.6049292984706,3189.8951683593878,3189.8951683593878
CVaR-only,0.96,1.0,Wasserstein DRO Model B,Before,0.2,0.5454545454545455,0.016720513135582597,0.18181818181818182,0.09090909090909093,0.16509766868259926,0.0,0.9999999713939896,0.35975832072536895,0.6041608526076097,0.03608082666702151,47.28370741108141,1675.4442236271138,3204.907017327008,3204.907017327008
