scenario,probability,link_id,init_node,term_node,severity_h,capacity_multiplier,free_time_multiplier,b_multiplier,additive_delay,time_at_reference_flow_change_pct
Normal,0.550,1,1,2,0.000,1.000,1.000,1.000,0.00,0.0
Normal,0.550,2,1,3,0.000,1.000,1.000,1.000,0.00,0.0
Normal,0.550,3,2,1,0.000,1.000,1.000,1.000,0.00,0.0
Normal,0.550,4,2,6,0.000,1.000,1.000,1.000,0.00,0.0
Normal,0.550,5,3,1,0.000,1.000,1.000,1.000,0.00,0.0
Normal,0.550,6,3,4,0.000,1.000,1.000,1.000,0.00,0.0
Normal,0.550,7,3,12,0.000,1.000,1.000,1.000,0.00,0.0
Normal,0.550,8,4,3,0.000,1.000,1.000,1.000,0.00,0.0
Normal,0.550,9,4,5,0.000,1.000,1.000,1.000,0.00,0.0
Normal,0.550,10,4,11,0.000,1.000,1.000,1.000,0.00,0.0
Normal,0.550,11,5,4,0.000,1.000,1.000,1.000,0.00,0.0
Normal,0.550,12,5,6,0.000,1.000,1.000,1.000,0.00,0.0
Normal,0.550,13,5,9,0.000,1.000,1.000,1.000,0.00,0.0
Normal,0.550,14,6,2,0.000,1.000,1.000,1.000,0.00,0.0
Normal,0.550,15,6,5,0.000,1.000,1.000,1.000,0.00,0.0
Normal,0.550,16,6,8,0.000,1.000,1.000,1.000,0.00,0.0
Normal,0.550,17,7,8,0.000,1.000,1.000,1.000,0.00,0.0
Normal,0.550,18,7,18,0.000,1.000,1.000,1.000,0.00,0.0
Normal,0.550,19,8,6,0.000,1.000,1.000,1.000,0.00,0.0
Normal,0.550,20,8,7,0.000,1.000,1.000,1.000,0.00,0.0
Normal,0.550,21,8,9,0.000,1.000,1.000,1.000,0.00,0.0
Normal,0.550,22,8,16,0.000,1.000,1.000,1.000,0.00,0.0
Normal,0.550,23,9,5,0.000,1.000,1.000,1.000,0.00,0.0
Normal,0.550,24,9,8,0.000,1.000,1.000,1.000,0.00,0.0
Normal,0.550,25,9,10,0.000,1.000,1.000,1.000,0.00,0.0
Normal,0.550,26,10,9,0.000,1.000,1.000,1.000,0.00,0.0
Normal,0.550,27,10,11,0.000,1.000,1.000,1.000,0.00,0.0
Normal,0.550,28,10,15,0.000,1.000,1.000,1.000,0.00,0.0
Normal,0.550,29,10,16,0.000,1.000,1.000,1.000,0.00,0.0
Normal,0.550,30,10,17,0.000,1.000,1.000,1.000,0.00,0.0
Normal,0.550,31,11,4,0.000,1.000,1.000,1.000,0.00,0.0
Normal,0.550,32,11,10,0.000,1.000,1.000,1.000,0.00,0.0
Normal,0.550,33,11,12,0.000,1.000,1.000,1.000,0.00,0.0
Normal,0.550,34,11,14,0.000,1.000,1.000,1.000,0.00,0.0
Normal,0.550,35,12,3,0.000,1.000,1.000,1.000,0.00,0.0
Normal,0.550,36,12,11,0.000,1.000,1.000,1.000,0.00,0.0
Normal,0.550,37,12,13,0.000,1.000,1.000,1.000,0.00,0.0
Normal,0.550,38,13,12,0.000,1.000,1.000,1.000,0.00,0.0
Normal,0.550,39,13,24,0.000,1.000,1.000,1.000,0.00,0.0
Normal,0.550,40,14,11,0.000,1.000,1.000,1.000,0.00,0.0
Normal,0.550,41,14,15,0.000,1.000,1.000,1.000,0.00,0.0
Normal,0.550,42,14,23,0.000,1.000,1.000,1.000,0.00,0.0
Normal,0.550,43,15,10,0.000,1.000,1.000,1.000,0.00,0.0
Normal,0.550,44,15,14,0.000,1.000,1.000,1.000,0.00,0.0
Normal,0.550,45,15,19,0.000,1.000,1.000,1.000,0.00,0.0
Normal,0.550,46,15,22,0.000,1.000,1.000,1.000,0.00,0.0
Normal,0.550,47,16,8,0.000,1.000,1.000,1.000,0.00,0.0
Normal,0.550,48,16,10,0.000,1.000,1.000,1.000,0.00,0.0
Normal,0.550,49,16,17,0.000,1.000,1.000,1.000,0.00,0.0
Normal,0.550,50,16,18,0.000,1.000,1.000,1.000,0.00,0.0
Normal,0.550,51,17,10,0.000,1.000,1.000,1.000,0.00,0.0
Normal,0.550,52,17,16,0.000,1.000,1.000,1.000,0.00,0.0
Normal,0.550,53,17,19,0.000,1.000,1.000,1.000,0.00,0.0
Normal,0.550,54,18,7,0.000,1.000,1.000,1.000,0.00,0.0
Normal,0.550,55,18,16,0.000,1.000,1.000,1.000,0.00,0.0
Normal,0.550,56,18,20,0.000,1.000,1.000,1.000,0.00,0.0
Normal,0.550,57,19,15,0.000,1.000,1.000,1.000,0.00,0.0
Normal,0.550,58,19,17,0.000,1.000,1.000,1.000,0.00,0.0
Normal,0.550,59,19,20,0.000,1.000,1.000,1.000,0.00,0.0
Normal,0.550,60,20,18,0.000,1.000,1.000,1.000,0.00,0.0
Normal,0.550,61,20,19,0.000,1.000,1.000,1.000,0.00,0.0
Normal,0.550,62,20,21,0.000,1.000,1.000,1.000,0.00,0.0
Normal,0.550,63,20,22,0.000,1.000,1.000,1.000,0.00,0.0
Normal,0.550,64,21,20,0.000,1.000,1.000,1.000,0.00,0.0
Normal,0.550,65,21,22,0.000,1.000,1.000,1.000,0.00,0.0
Normal,0.550,66,21,24,0.000,1.000,1.000,1.000,0.00,0.0
Normal,0.550,67,22,15,0.000,1.000,1.000,1.000,0.00,0.0
Normal,0.550,68,22,20,0.000,1.000,1.000,1.000,0.00,0.0
Normal,0.550,69,22,21,0.000,1.000,1.000,1.000,0.00,0.0
Normal,0.550,70,22,23,0.000,1.000,1.000,1.000,0.00,0.0
Normal,0.550,71,23,14,0.000,1.000,1.000,1.000,0.00,0.0
Normal,0.550,72,23,22,0.000,1.000,1.000,1.000,0.00,0.0
Normal,0.550,73,23,24,0.000,1.000,1.000,1.000,0.00,0.0
Normal,0.550,74,24,13,0.000,1.000,1.000,1.000,0.00,0.0
Normal,0.550,75,24,21,0.000,1.000,1.000,1.000,0.00,0.0
Normal,0.550,76,24,23,0.000,1.000,1.000,1.000,0.00,0.0
Light rain,0.200,1,1,2,0.300,0.970,1.030,1.045,0.73,15.2
Light rain,0.200,2,1,3,0.294,0.971,1.029,1.044,0.72,21.0
Light rain,0.200,3,2,1,0.300,0.970,1.030,1.045,0.73,15.2
Light rain,0.200,4,2,6,0.294,0.971,1.029,1.044,0.72,18.3
Light rain,0.200,5,3,1,0.294,0.971,1.029,1.044,0.72,21.0
Light rain,0.200,6,3,4,0.288,0.971,1.029,1.043,0.72,20.8
Light rain,0.200,7,3,12,0.277,0.972,1.028,1.042,0.71,20.4
Light rain,0.200,8,4,3,0.288,0.971,1.029,1.043,0.72,20.8
Light rain,0.200,9,4,5,0.288,0.971,1.029,1.043,0.72,36.2
Light rain,0.200,10,4,11,0.277,0.972,1.028,1.042,0.71,15.4
Light rain,0.200,11,5,4,0.288,0.971,1.029,1.043,0.72,36.2
Light rain,0.200,12,5,6,0.288,0.971,1.029,1.043,0.72,20.7
Light rain,0.200,13,5,9,0.283,0.972,1.028,1.042,0.71,18.6
Light rain,0.200,14,6,2,0.294,0.971,1.029,1.044,0.72,18.3
Light rain,0.200,15,6,5,0.288,0.971,1.029,1.043,0.72,20.7
Light rain,0.200,16,6,8,0.283,0.972,1.028,1.042,0.71,22.7
Light rain,0.200,17,7,8,0.277,0.972,1.028,1.042,0.71,23.3
Light rain,0.200,18,7,18,0.272,0.973,1.027,1.041,0.70,37.1
Light rain,0.200,19,8,6,0.283,0.972,1.028,1.042,0.71,22.7
Light rain,0.200,20,8,7,0.277,0.972,1.028,1.042,0.71,23.3
Light rain,0.200,21,8,9,0.277,0.972,1.028,1.042,0.71,13.2
Light rain,0.200,22,8,16,0.272,0.973,1.027,1.041,0.70,18.1
Light rain,0.200,23,9,5,0.283,0.972,1.028,1.042,0.71,18.6
Light rain,0.200,24,9,8,0.277,0.972,1.028,1.042,0.71,13.2
Light rain,0.200,25,9,10,0.272,0.973,1.027,1.041,0.70,22.9
Light rain,0.200,26,10,9,0.272,0.973,1.027,1.041,0.70,22.9
Light rain,0.200,27,10,11,0.267,0.973,1.027,1.040,0.69,18.0
Light rain,0.200,28,10,15,0.256,0.974,1.026,1.038,0.68,16.3
Light rain,0.200,29,10,16,0.267,0.973,1.027,1.040,0.69,19.2
Light rain,0.200,30,10,17,0.262,0.974,1.026,1.039,0.69,15.0
Light rain,0.200,31,11,4,0.277,0.972,1.028,1.042,0.71,15.4
Light rain,0.200,32,11,10,0.267,0.973,1.027,1.040,0.69,18.0
Light rain,0.200,33,11,12,0.267,0.973,1.027,1.040,0.69,16.9
Light rain,0.200,34,11,14,0.256,0.974,1.026,1.038,0.68,18.5
Light rain,0.200,35,12,3,0.277,0.972,1.028,1.042,0.71,20.4
Light rain,0.200,36,12,11,0.267,0.973,1.027,1.040,0.69,16.9
Light rain,0.200,37,12,13,0.243,0.976,1.024,1.037,0.67,24.6
Light rain,0.200,38,13,12,0.243,0.976,1.024,1.037,0.67,24.6
Light rain,0.200,39,13,24,0.220,0.978,1.022,1.033,0.64,16.0
Light rain,0.200,40,14,11,0.256,0.974,1.026,1.038,0.68,18.5
Light rain,0.200,41,14,15,0.244,0.976,1.024,1.037,0.67,16.7
Light rain,0.200,42,14,23,0.239,0.976,1.024,1.036,0.66,17.8
Light rain,0.200,43,15,10,0.256,0.974,1.026,1.038,0.68,16.3
Light rain,0.200,44,15,14,0.244,0.976,1.024,1.037,0.67,16.7
Light rain,0.200,45,15,19,0.244,0.976,1.024,1.037,0.67,22.4
Light rain,0.200,46,15,22,0.239,0.976,1.024,1.036,0.66,19.4
Light rain,0.200,47,16,8,0.272,0.973,1.027,1.041,0.70,18.1
Light rain,0.200,48,16,10,0.267,0.973,1.027,1.040,0.69,19.2
Light rain,0.200,49,16,17,0.262,0.974,1.026,1.039,0.69,22.5
Light rain,0.200,50,16,18,0.267,0.973,1.027,1.040,0.69,25.4
Light rain,0.200,51,17,10,0.262,0.974,1.026,1.039,0.69,15.0
Light rain,0.200,52,17,16,0.262,0.974,1.026,1.039,0.69,22.5
Light rain,0.200,53,17,19,0.250,0.975,1.025,1.038,0.68,22.7
Light rain,0.200,54,18,7,0.272,0.973,1.027,1.041,0.70,37.1
Light rain,0.200,55,18,16,0.267,0.973,1.027,1.040,0.69,25.4
Light rain,0.200,56,18,20,0.243,0.976,1.024,1.037,0.67,19.0
Light rain,0.200,57,19,15,0.244,0.976,1.024,1.037,0.67,22.4
Light rain,0.200,58,19,17,0.250,0.975,1.025,1.038,0.68,22.7
Light rain,0.200,59,19,20,0.232,0.977,1.023,1.035,0.66,17.3
Light rain,0.200,60,20,18,0.243,0.976,1.024,1.037,0.67,19.0
Light rain,0.200,61,20,19,0.232,0.977,1.023,1.035,0.66,17.3
Light rain,0.200,62,20,21,0.220,0.978,1.022,1.033,0.64,13.6
Light rain,0.200,63,20,22,0.227,0.977,1.023,1.034,0.65,15.5
Light rain,0.200,64,21,20,0.220,0.978,1.022,1.033,0.64,13.5
Light rain,0.200,65,21,22,0.227,0.977,1.023,1.034,0.65,24.9
Light rain,0.200,66,21,24,0.220,0.978,1.022,1.033,0.64,17.5
Light rain,0.200,67,22,15,0.239,0.976,1.024,1.036,0.66,19.4
Light rain,0.200,68,22,20,0.227,0.977,1.023,1.034,0.65,15.5
Light rain,0.200,69,22,21,0.227,0.977,1.023,1.034,0.65,24.9
Light rain,0.200,70,22,23,0.234,0.977,1.023,1.035,0.66,17.2
Light rain,0.200,71,23,14,0.239,0.976,1.024,1.036,0.66,17.8
Light rain,0.200,72,23,22,0.234,0.977,1.023,1.035,0.66,17.2
Light rain,0.200,73,23,24,0.227,0.977,1.023,1.034,0.65,25.9
Light rain,0.200,74,24,13,0.220,0.978,1.022,1.033,0.64,16.0
Light rain,0.200,75,24,21,0.220,0.978,1.022,1.033,0.64,17.5
Light rain,0.200,76,24,23,0.227,0.977,1.023,1.034,0.65,26.0
Minor incident,0.150,1,1,2,0.004,0.999,1.000,1.002,0.22,3.7
Minor incident,0.150,2,1,3,0.000,1.000,1.000,1.000,0.20,5.0
Minor incident,0.150,3,2,1,0.004,0.999,1.000,1.002,0.22,3.7
Minor incident,0.150,4,2,6,0.030,0.992,1.004,1.012,0.33,6.6
Minor incident,0.150,5,3,1,0.000,1.000,1.000,1.000,0.20,5.0
Minor incident,0.150,6,3,4,0.001,1.000,1.000,1.000,0.20,4.8
Minor incident,0.150,7,3,12,0.000,1.000,1.000,1.000,0.20,5.0
Minor incident,0.150,8,4,3,0.001,1.000,1.000,1.000,0.20,4.8
Minor incident,0.150,9,4,5,0.032,0.991,1.004,1.013,0.34,15.9
Minor incident,0.150,10,4,11,0.026,0.993,1.003,1.011,0.32,5.4
Minor incident,0.150,11,5,4,0.032,0.991,1.004,1.013,0.34,15.9
Minor incident,0.150,12,5,6,0.123,0.966,1.015,1.049,0.75,21.5
Minor incident,0.150,13,5,9,0.177,0.950,1.021,1.071,1.00,27.8
Minor incident,0.150,14,6,2,0.030,0.992,1.004,1.012,0.33,6.5
Minor incident,0.150,15,6,5,0.123,0.966,1.015,1.049,0.75,21.6
Minor incident,0.150,16,6,8,0.187,0.948,1.022,1.075,1.04,38.8
Minor incident,0.150,17,7,8,0.119,0.967,1.014,1.048,0.73,23.9
Minor incident,0.150,18,7,18,0.031,0.991,1.004,1.013,0.34,17.0
Minor incident,0.150,19,8,6,0.187,0.948,1.022,1.075,1.04,38.8
Minor incident,0.150,20,8,7,0.119,0.967,1.014,1.048,0.73,24.0
Minor incident,0.150,21,8,9,0.467,0.869,1.056,1.187,2.30,59.7
Minor incident,0.150,22,8,16,0.512,0.857,1.061,1.205,2.50,99.6
Minor incident,0.150,23,9,5,0.177,0.950,1.021,1.071,1.00,27.8
Minor incident,0.150,24,9,8,0.467,0.869,1.056,1.187,2.30,59.1
Minor incident,0.150,25,9,10,0.484,0.865,1.058,1.193,2.38,104.4
Minor incident,0.150,26,10,9,0.484,0.865,1.058,1.193,2.38,104.5
Minor incident,0.150,27,10,11,0.239,0.933,1.029,1.096,1.28,40.6
Minor incident,0.150,28,10,15,0.611,0.829,1.073,1.244,2.95,127.5
Minor incident,0.150,29,10,16,0.916,0.743,1.110,1.366,4.32,341.2
Minor incident,0.150,30,10,17,1.000,0.720,1.120,1.400,4.70,281.0
Minor incident,0.150,31,11,4,0.026,0.993,1.003,1.011,0.32,5.4
Minor incident,0.150,32,11,10,0.239,0.933,1.029,1.096,1.28,40.5
Minor incident,0.150,33,11,12,0.008,0.998,1.001,1.003,0.24,2.5
Minor incident,0.150,34,11,14,0.051,0.986,1.006,1.020,0.43,9.4
Minor incident,0.150,35,12,3,0.000,1.000,1.000,1.000,0.20,5.0
Minor incident,0.150,36,12,11,0.008,0.998,1.001,1.003,0.24,2.5
Minor incident,0.150,37,12,13,0.000,1.000,1.000,1.000,0.20,6.7
Minor incident,0.150,38,13,12,0.000,1.000,1.000,1.000,0.20,6.7
Minor incident,0.150,39,13,24,0.000,1.000,1.000,1.000,0.20,1.1
Minor incident,0.150,40,14,11,0.051,0.986,1.006,1.020,0.43,9.4
Minor incident,0.150,41,14,15,0.105,0.970,1.013,1.042,0.67,17.2
Minor incident,0.150,42,14,23,0.012,0.997,1.001,1.005,0.25,4.0
Minor incident,0.150,43,15,10,0.611,0.829,1.073,1.244,2.95,127.9
Minor incident,0.150,44,15,14,0.105,0.970,1.013,1.042,0.67,17.3
Minor incident,0.150,45,15,19,0.403,0.887,1.048,1.161,2.01,79.5
Minor incident,0.150,46,15,22,0.146,0.959,1.017,1.058,0.86,28.2
Minor incident,0.150,47,16,8,0.512,0.857,1.061,1.205,2.50,99.8
Minor incident,0.150,48,16,10,0.916,0.743,1.110,1.366,4.32,341.6
Minor incident,0.150,49,16,17,0.720,0.798,1.086,1.288,3.44,231.1
Minor incident,0.150,50,16,18,0.233,0.935,1.028,1.093,1.25,44.5
Minor incident,0.150,51,17,10,1.000,0.720,1.120,1.400,4.70,281.0
Minor incident,0.150,52,17,16,0.720,0.798,1.086,1.288,3.44,231.1
Minor incident,0.150,53,17,19,0.492,0.862,1.059,1.197,2.42,128.7
Minor incident,0.150,54,18,7,0.031,0.991,1.004,1.013,0.34,17.0
Minor incident,0.150,55,18,16,0.233,0.935,1.028,1.093,1.25,44.5
Minor incident,0.150,56,18,20,0.093,0.974,1.011,1.037,0.62,16.6
Minor incident,0.150,57,19,15,0.403,0.887,1.048,1.161,2.01,79.6
Minor incident,0.150,58,19,17,0.492,0.862,1.059,1.197,2.42,128.7
Minor incident,0.150,59,19,20,0.051,0.986,1.006,1.021,0.43,9.9
Minor incident,0.150,60,20,18,0.093,0.974,1.011,1.037,0.62,16.6
Minor incident,0.150,61,20,19,0.051,0.986,1.006,1.021,0.43,9.9
Minor incident,0.150,62,20,21,0.005,0.999,1.001,1.002,0.22,3.0
Minor incident,0.150,63,20,22,0.026,0.993,1.003,1.010,0.32,5.8
Minor incident,0.150,64,21,20,0.005,0.999,1.001,1.002,0.22,3.0
Minor incident,0.150,65,21,22,0.017,0.995,1.002,1.007,0.28,8.2
Minor incident,0.150,66,21,24,0.001,1.000,1.000,1.001,0.21,1.9
Minor incident,0.150,67,22,15,0.146,0.959,1.017,1.058,0.86,28.2
Minor incident,0.150,68,22,20,0.026,0.993,1.003,1.010,0.32,5.8
Minor incident,0.150,69,22,21,0.017,0.995,1.002,1.007,0.28,8.3
Minor incident,0.150,70,22,23,0.025,0.993,1.003,1.010,0.31,5.5
Minor incident,0.150,71,23,14,0.012,0.997,1.001,1.005,0.25,4.0
Minor incident,0.150,72,23,22,0.025,0.993,1.003,1.010,0.31,5.5
Minor incident,0.150,73,23,24,0.001,1.000,1.000,1.001,0.21,5.6
Minor incident,0.150,74,24,13,0.000,1.000,1.000,1.000,0.20,1.1
Minor incident,0.150,75,24,21,0.001,1.000,1.000,1.001,0.21,1.9
Minor incident,0.150,76,24,23,0.001,1.000,1.000,1.001,0.21,5.7
Flood upper,0.040,1,1,2,0.793,0.350,1.571,2.149,25.02,477.1
Flood upper,0.040,2,1,3,0.920,0.246,1.662,2.334,28.08,997.5
Flood upper,0.040,3,2,1,0.793,0.350,1.571,2.149,25.02,477.2
Flood upper,0.040,4,2,6,0.920,0.246,1.662,2.334,28.08,25977.4
Flood upper,0.040,5,3,1,0.920,0.246,1.662,2.334,28.08,994.8
Flood upper,0.040,6,3,4,1.000,0.180,1.720,2.450,30.00,26094.0
Flood upper,0.040,7,3,12,0.922,0.244,1.664,2.337,28.13,1315.7
Flood upper,0.040,8,4,3,1.000,0.180,1.720,2.450,30.00,26257.9
Flood upper,0.040,9,4,5,1.000,0.180,1.720,2.450,30.00,56021.8
Flood upper,0.040,10,4,11,0.922,0.244,1.664,2.337,28.13,17858.7
Flood upper,0.040,11,5,4,1.000,0.180,1.720,2.450,30.00,56274.9
Flood upper,0.040,12,5,6,1.000,0.180,1.720,2.450,30.00,241095.4
Flood upper,0.040,13,5,9,0.995,0.184,1.716,2.442,29.87,174719.5
Flood upper,0.040,14,6,2,0.920,0.246,1.662,2.334,28.08,26293.8
Flood upper,0.040,15,6,5,1.000,0.180,1.720,2.450,30.00,241454.8
Flood upper,0.040,16,6,8,0.995,0.184,1.716,2.442,29.87,312773.6
Flood upper,0.040,17,7,8,0.922,0.244,1.664,2.337,28.13,50910.4
Flood upper,0.040,18,7,18,0.814,0.333,1.586,2.180,25.53,2140.9
Flood upper,0.040,19,8,6,0.995,0.184,1.716,2.442,29.87,313214.3
Flood upper,0.040,20,8,7,0.922,0.244,1.664,2.337,28.13,50369.3
Flood upper,0.040,21,8,9,0.922,0.244,1.664,2.337,28.13,37594.9
Flood upper,0.040,22,8,16,0.814,0.333,1.586,2.180,25.53,15242.7
Flood upper,0.040,23,9,5,0.995,0.184,1.716,2.442,29.87,175084.1
Flood upper,0.040,24,9,8,0.922,0.244,1.664,2.337,28.13,36939.9
Flood upper,0.040,25,9,10,0.814,0.333,1.586,2.180,25.53,13720.6
Flood upper,0.040,26,10,9,0.814,0.333,1.586,2.180,25.53,13807.6
Flood upper,0.040,27,10,11,0.708,0.419,1.510,2.027,23.00,6056.2
Flood upper,0.040,28,10,15,0.580,0.525,1.417,1.840,19.91,2043.1
Flood upper,0.040,29,10,16,0.708,0.419,1.510,2.027,23.00,7973.1
Flood upper,0.040,30,10,17,0.630,0.483,1.454,1.914,21.13,2704.1
Flood upper,0.040,31,11,4,0.922,0.244,1.664,2.337,28.13,18998.0
Flood upper,0.040,32,11,10,0.708,0.419,1.510,2.027,23.00,5994.1
Flood upper,0.040,33,11,12,0.708,0.419,1.510,2.027,23.00,5665.2
Flood upper,0.040,34,11,14,0.580,0.525,1.417,1.840,19.91,2522.1
Flood upper,0.040,35,12,3,0.922,0.244,1.664,2.337,28.13,1305.2
Flood upper,0.040,36,12,11,0.708,0.419,1.510,2.027,23.00,5708.8
Flood upper,0.040,37,12,13,0.552,0.547,1.397,1.800,19.25,696.6
Flood upper,0.040,38,13,12,0.552,0.547,1.397,1.800,19.25,697.1
Flood upper,0.040,39,13,24,0.550,0.549,1.396,1.798,19.20,2177.0
Flood upper,0.040,40,14,11,0.580,0.525,1.417,1.840,19.91,2531.0
Flood upper,0.040,41,14,15,0.553,0.547,1.398,1.801,19.26,1778.5
Flood upper,0.040,42,14,23,0.551,0.548,1.396,1.798,19.22,1725.6
Flood upper,0.040,43,15,10,0.580,0.525,1.417,1.840,19.91,2051.5
Flood upper,0.040,44,15,14,0.553,0.547,1.398,1.801,19.26,1789.1
Flood upper,0.040,45,15,19,0.553,0.547,1.398,1.801,19.26,1304.8
Flood upper,0.040,46,15,22,0.551,0.548,1.396,1.798,19.22,2016.5
Flood upper,0.040,47,16,8,0.814,0.333,1.586,2.180,25.53,15301.3
Flood upper,0.040,48,16,10,0.708,0.419,1.510,2.027,23.00,7986.8
Flood upper,0.040,49,16,17,0.630,0.483,1.454,1.914,21.13,4187.2
Flood upper,0.040,50,16,18,0.708,0.419,1.510,2.027,23.00,1281.7
Flood upper,0.040,51,17,10,0.630,0.483,1.454,1.914,21.13,2704.1
Flood upper,0.040,52,17,16,0.630,0.483,1.454,1.914,21.13,4184.7
Flood upper,0.040,53,17,19,0.560,0.540,1.404,1.813,19.45,2380.3
Flood upper,0.040,54,18,7,0.814,0.333,1.586,2.180,25.53,2152.9
Flood upper,0.040,55,18,16,0.708,0.419,1.510,2.027,23.00,1288.1
Flood upper,0.040,56,18,20,0.552,0.547,1.397,1.800,19.25,653.9
Flood upper,0.040,57,19,15,0.553,0.547,1.398,1.801,19.26,1307.8
Flood upper,0.040,58,19,17,0.560,0.540,1.404,1.813,19.45,2378.7
Flood upper,0.040,59,19,20,0.550,0.549,1.396,1.798,19.20,1757.1
Flood upper,0.040,60,20,18,0.552,0.547,1.397,1.800,19.25,654.3
Flood upper,0.040,61,20,19,0.550,0.549,1.396,1.798,19.20,1762.4
Flood upper,0.040,62,20,21,0.550,0.549,1.396,1.798,19.20,970.3
Flood upper,0.040,63,20,22,0.550,0.549,1.396,1.798,19.20,1211.2
Flood upper,0.040,64,21,20,0.550,0.549,1.396,1.798,19.20,952.7
Flood upper,0.040,65,21,22,0.550,0.549,1.396,1.798,19.20,1873.2
Flood upper,0.040,66,21,24,0.550,0.549,1.396,1.798,19.20,2163.5
Flood upper,0.040,67,22,15,0.551,0.548,1.396,1.798,19.22,2014.2
Flood upper,0.040,68,22,20,0.550,0.549,1.396,1.798,19.20,1211.2
Flood upper,0.040,69,22,21,0.550,0.549,1.396,1.798,19.20,1870.9
Flood upper,0.040,70,22,23,0.550,0.549,1.396,1.798,19.20,1971.0
Flood upper,0.040,71,23,14,0.551,0.548,1.396,1.798,19.22,1724.2
Flood upper,0.040,72,23,22,0.550,0.549,1.396,1.798,19.20,1964.0
Flood upper,0.040,73,23,24,0.550,0.549,1.396,1.798,19.20,1777.8
Flood upper,0.040,74,24,13,0.550,0.549,1.396,1.798,19.20,2175.8
Flood upper,0.040,75,24,21,0.550,0.549,1.396,1.798,19.20,2156.2
Flood upper,0.040,76,24,23,0.550,0.549,1.396,1.798,19.20,1769.2
Flood middle,0.035,1,1,2,0.555,0.545,1.400,1.805,19.32,362.3
Flood middle,0.035,2,1,3,0.569,0.534,1.409,1.824,19.65,537.6
Flood middle,0.035,3,2,1,0.555,0.545,1.400,1.805,19.32,362.3
Flood middle,0.035,4,2,6,0.569,0.534,1.409,1.824,19.65,1064.5
Flood middle,0.035,5,3,1,0.569,0.534,1.409,1.824,19.65,537.5
Flood middle,0.035,6,3,4,0.605,0.504,1.436,1.877,20.52,779.3
Flood middle,0.035,7,3,12,0.760,0.377,1.547,2.102,24.25,738.3
Flood middle,0.035,8,4,3,0.605,0.504,1.436,1.877,20.52,780.8
Flood middle,0.035,9,4,5,0.605,0.504,1.436,1.877,20.52,1480.5
Flood middle,0.035,10,4,11,0.760,0.377,1.547,2.102,24.25,2939.7
Flood middle,0.035,11,5,4,0.605,0.504,1.436,1.877,20.52,1482.4
Flood middle,0.035,12,5,6,0.605,0.504,1.436,1.877,20.52,2673.6
Flood middle,0.035,13,5,9,0.667,0.453,1.480,1.967,22.01,3536.1
Flood middle,0.035,14,6,2,0.569,0.534,1.409,1.824,19.65,1072.3
Flood middle,0.035,15,6,5,0.605,0.504,1.436,1.877,20.52,2676.8
Flood middle,0.035,16,6,8,0.667,0.453,1.480,1.967,22.01,6041.3
Flood middle,0.035,17,7,8,0.760,0.377,1.547,2.102,24.25,7854.9
Flood middle,0.035,18,7,18,0.870,0.287,1.626,2.261,26.88,3004.6
Flood middle,0.035,19,8,6,0.667,0.453,1.480,1.967,22.01,6048.3
Flood middle,0.035,20,8,7,0.760,0.377,1.547,2.102,24.25,7779.1
Flood middle,0.035,21,8,9,0.760,0.377,1.547,2.102,24.25,5677.2
Flood middle,0.035,22,8,16,0.870,0.287,1.626,2.261,26.88,29311.0
Flood middle,0.035,23,9,5,0.667,0.453,1.480,1.967,22.01,3542.4
Flood middle,0.035,24,9,8,0.760,0.377,1.547,2.102,24.25,5582.6
Flood middle,0.035,25,9,10,0.870,0.287,1.626,2.261,26.88,26170.6
Flood middle,0.035,26,10,9,0.870,0.287,1.626,2.261,26.88,26341.8
Flood middle,0.035,27,10,11,0.962,0.211,1.693,2.395,29.10,122520.5
Flood middle,0.035,28,10,15,0.954,0.218,1.687,2.383,28.90,100830.2
Flood middle,0.035,29,10,16,0.962,0.211,1.693,2.395,29.10,164172.8
Flood middle,0.035,30,10,17,1.000,0.180,1.720,2.450,30.00,204671.8
Flood middle,0.035,31,11,4,0.760,0.377,1.547,2.102,24.25,3102.8
Flood middle,0.035,32,11,10,0.962,0.211,1.693,2.395,29.10,121155.6
Flood middle,0.035,33,11,12,0.962,0.211,1.693,2.395,29.10,114627.6
Flood middle,0.035,34,11,14,0.954,0.218,1.687,2.383,28.90,126753.8
Flood middle,0.035,35,12,3,0.760,0.377,1.547,2.102,24.25,736.8
Flood middle,0.035,36,12,11,0.962,0.211,1.693,2.395,29.10,115579.1
Flood middle,0.035,37,12,13,0.715,0.414,1.515,2.037,23.16,896.3
Flood middle,0.035,38,13,12,0.715,0.414,1.515,2.037,23.16,898.4
Flood middle,0.035,39,13,24,0.552,0.547,1.398,1.801,19.25,2213.4
Flood middle,0.035,40,14,11,0.954,0.218,1.687,2.383,28.90,127322.3
Flood middle,0.035,41,14,15,0.731,0.400,1.527,2.061,23.55,7406.0
Flood middle,0.035,42,14,23,0.646,0.470,1.465,1.937,21.51,3457.6
Flood middle,0.035,43,15,10,0.954,0.218,1.687,2.383,28.90,101333.3
Flood middle,0.035,44,15,14,0.731,0.400,1.527,2.061,23.55,7459.9
Flood middle,0.035,45,15,19,0.731,0.400,1.527,2.061,23.55,4309.5
Flood middle,0.035,46,15,22,0.646,0.470,1.465,1.937,21.51,4084.1
Flood middle,0.035,47,16,8,0.870,0.287,1.626,2.261,26.88,29425.7
Flood middle,0.035,48,16,10,0.962,0.211,1.693,2.395,29.10,164476.9
Flood middle,0.035,49,16,17,1.000,0.180,1.720,2.450,30.00,317179.5
Flood middle,0.035,50,16,18,0.962,0.211,1.693,2.395,29.10,11568.1
Flood middle,0.035,51,17,10,1.000,0.180,1.720,2.450,30.00,204671.8
Flood middle,0.035,52,17,16,1.000,0.180,1.720,2.450,30.00,316925.4
Flood middle,0.035,53,17,19,0.858,0.297,1.617,2.244,26.58,34511.7
Flood middle,0.035,54,18,7,0.870,0.287,1.626,2.261,26.88,3028.5
Flood middle,0.035,55,18,16,0.962,0.211,1.693,2.395,29.10,11712.7
Flood middle,0.035,56,18,20,0.715,0.414,1.515,2.037,23.16,1228.6
Flood middle,0.035,57,19,15,0.731,0.400,1.527,2.061,23.55,4326.3
Flood middle,0.035,58,19,17,0.858,0.297,1.617,2.244,26.58,34471.6
Flood middle,0.035,59,19,20,0.582,0.523,1.419,1.844,19.97,2193.7
Flood middle,0.035,60,20,18,0.715,0.414,1.515,2.037,23.16,1230.5
Flood middle,0.035,61,20,19,0.582,0.523,1.419,1.844,19.97,2200.8
Flood middle,0.035,62,20,21,0.552,0.547,1.398,1.801,19.25,983.4
Flood middle,0.035,63,20,22,0.562,0.540,1.404,1.814,19.48,1301.2
Flood middle,0.035,64,21,20,0.552,0.547,1.398,1.801,19.25,965.5
Flood middle,0.035,65,21,22,0.562,0.540,1.404,1.814,19.48,2008.5
Flood middle,0.035,66,21,24,0.552,0.547,1.398,1.801,19.25,2198.8
Flood middle,0.035,67,22,15,0.646,0.470,1.465,1.937,21.51,4078.5
Flood middle,0.035,68,22,20,0.562,0.540,1.404,1.814,19.48,1301.2
Flood middle,0.035,69,22,21,0.562,0.540,1.404,1.814,19.48,2005.8
Flood middle,0.035,70,22,23,0.593,0.513,1.427,1.860,20.24,2694.8
Flood middle,0.035,71,23,14,0.646,0.470,1.465,1.937,21.51,3454.3
Flood middle,0.035,72,23,22,0.593,0.513,1.427,1.860,20.24,2684.6
Flood middle,0.035,73,23,24,0.562,0.540,1.404,1.814,19.48,1900.0
Flood middle,0.035,74,24,13,0.552,0.547,1.398,1.801,19.25,2212.1
Flood middle,0.035,75,24,21,0.552,0.547,1.398,1.801,19.25,2191.4
Flood middle,0.035,76,24,23,0.562,0.540,1.404,1.814,19.48,1890.1
Flood lower,0.025,1,1,2,0.550,0.549,1.396,1.798,19.20,359.9
Flood lower,0.025,2,1,3,0.550,0.549,1.396,1.798,19.20,524.3
Flood lower,0.025,3,2,1,0.550,0.549,1.396,1.798,19.20,359.9
Flood lower,0.025,4,2,6,0.550,0.549,1.396,1.798,19.20,959.5
Flood lower,0.025,5,3,1,0.550,0.549,1.396,1.798,19.20,524.2
Flood lower,0.025,6,3,4,0.550,0.549,1.396,1.798,19.20,654.9
Flood lower,0.025,7,3,12,0.552,0.548,1.397,1.800,19.24,531.6
Flood lower,0.025,8,4,3,0.550,0.549,1.396,1.798,19.20,655.8
Flood lower,0.025,9,4,5,0.550,0.549,1.396,1.798,19.20,1226.4
Flood lower,0.025,10,4,11,0.552,0.548,1.397,1.800,19.24,731.2
Flood lower,0.025,11,5,4,0.550,0.549,1.396,1.798,19.20,1227.4
Flood lower,0.025,12,5,6,0.550,0.549,1.396,1.798,19.20,1806.0
Flood lower,0.025,13,5,9,0.550,0.549,1.396,1.798,19.21,1506.2
Flood lower,0.025,14,6,2,0.550,0.549,1.396,1.798,19.20,966.2
Flood lower,0.025,15,6,5,0.550,0.549,1.396,1.798,19.20,1807.9
Flood lower,0.025,16,6,8,0.550,0.549,1.396,1.798,19.21,2442.5
Flood lower,0.025,17,7,8,0.552,0.548,1.397,1.800,19.24,1606.6
Flood lower,0.025,18,7,18,0.556,0.544,1.400,1.806,19.34,1060.5
Flood lower,0.025,19,8,6,0.550,0.549,1.396,1.798,19.21,2444.5
Flood lower,0.025,20,8,7,0.552,0.548,1.397,1.800,19.24,1596.6
Flood lower,0.025,21,8,9,0.552,0.548,1.397,1.800,19.24,1071.9
Flood lower,0.025,22,8,16,0.556,0.544,1.400,1.806,19.34,1684.3
Flood lower,0.025,23,9,5,0.550,0.549,1.396,1.798,19.21,1508.5
Flood lower,0.025,24,9,8,0.552,0.548,1.397,1.800,19.24,1057.1
Flood lower,0.025,25,9,10,0.556,0.544,1.400,1.806,19.34,1674.6
Flood lower,0.025,26,10,9,0.556,0.544,1.400,1.806,19.34,1681.4
Flood lower,0.025,27,10,11,0.568,0.534,1.409,1.823,19.63,1994.1
Flood lower,0.025,28,10,15,0.663,0.456,1.478,1.962,21.92,3899.8
Flood lower,0.025,29,10,16,0.568,0.534,1.409,1.823,19.63,2546.7
Flood lower,0.025,30,10,17,0.596,0.511,1.429,1.864,20.30,2081.1
Flood lower,0.025,31,11,4,0.552,0.548,1.397,1.800,19.24,755.6
Flood lower,0.025,32,11,10,0.568,0.534,1.409,1.823,19.63,1976.6
Flood lower,0.025,33,11,12,0.568,0.534,1.409,1.823,19.63,1864.7
Flood lower,0.025,34,11,14,0.663,0.456,1.478,1.962,21.92,4852.1
Flood lower,0.025,35,12,3,0.552,0.548,1.397,1.800,19.24,531.4
Flood lower,0.025,36,12,11,0.568,0.534,1.409,1.823,19.63,1877.2
Flood lower,0.025,37,12,13,0.900,0.262,1.648,2.305,27.60,1586.3
Flood lower,0.025,38,13,12,0.900,0.262,1.648,2.305,27.60,1604.2
Flood lower,0.025,39,13,24,0.789,0.353,1.568,2.144,24.94,16850.3
Flood lower,0.025,40,14,11,0.663,0.456,1.478,1.962,21.92,4871.3
Flood lower,0.025,41,14,15,0.883,0.276,1.636,2.280,27.19,38204.6
Flood lower,0.025,42,14,23,0.971,0.204,1.699,2.407,29.29,132124.9
Flood lower,0.025,43,15,10,0.663,0.456,1.478,1.962,21.92,3917.3
Flood lower,0.025,44,15,14,0.883,0.276,1.636,2.280,27.19,38499.1
Flood lower,0.025,45,15,19,0.883,0.276,1.636,2.280,27.19,20350.2
Flood lower,0.025,46,15,22,0.971,0.204,1.699,2.407,29.29,158134.8
Flood lower,0.025,47,16,8,0.556,0.544,1.400,1.806,19.34,1689.4
Flood lower,0.025,48,16,10,0.568,0.534,1.409,1.823,19.63,2550.5
Flood lower,0.025,49,16,17,0.596,0.511,1.429,1.864,20.30,3222.3
Flood lower,0.025,50,16,18,0.568,0.534,1.409,1.823,19.63,816.6
Flood lower,0.025,51,17,10,0.596,0.511,1.429,1.864,20.30,2081.1
Flood lower,0.025,52,17,16,0.596,0.511,1.429,1.864,20.30,3220.5
Flood lower,0.025,53,17,19,0.755,0.381,1.544,2.095,24.13,11548.1
Flood lower,0.025,54,18,7,0.556,0.544,1.400,1.806,19.34,1061.3
Flood lower,0.025,55,18,16,0.568,0.534,1.409,1.823,19.63,818.3
Flood lower,0.025,56,18,20,0.900,0.262,1.648,2.305,27.60,5624.3
Flood lower,0.025,57,19,15,0.883,0.276,1.636,2.280,27.19,20444.4
Flood lower,0.025,58,19,17,0.755,0.381,1.544,2.095,24.13,11535.7
Flood lower,0.025,59,19,20,0.994,0.185,1.715,2.441,29.85,205341.6
Flood lower,0.025,60,20,18,0.900,0.262,1.648,2.305,27.60,5639.4
Flood lower,0.025,61,20,19,0.994,0.185,1.715,2.441,29.85,206226.5
Flood lower,0.025,62,20,21,0.789,0.353,1.568,2.144,24.94,6071.8
Flood lower,0.025,63,20,22,0.930,0.237,1.670,2.349,28.33,43974.7
Flood lower,0.025,64,21,20,0.789,0.353,1.568,2.144,24.94,5910.6
Flood lower,0.025,65,21,22,0.930,0.237,1.670,2.349,28.33,65765.7
Flood lower,0.025,66,21,24,0.789,0.353,1.568,2.144,24.94,16377.8
Flood lower,0.025,67,22,15,0.971,0.204,1.699,2.407,29.29,157870.0
Flood lower,0.025,68,22,20,0.930,0.237,1.670,2.349,28.33,43974.7
Flood lower,0.025,69,22,21,0.930,0.237,1.670,2.349,28.33,65593.5
Flood lower,0.025,70,22,23,1.000,0.180,1.720,2.450,30.00,271773.3
Flood lower,0.025,71,23,14,0.971,0.204,1.699,2.407,29.29,131972.2
Flood lower,0.025,72,23,22,1.000,0.180,1.720,2.450,30.00,270475.3
Flood lower,0.025,73,23,24,0.930,0.237,1.670,2.349,28.33,58748.2
Flood lower,0.025,74,24,13,0.789,0.353,1.568,2.144,24.94,16838.5
Flood lower,0.025,75,24,21,0.789,0.353,1.568,2.144,24.94,16301.8
Flood lower,0.025,76,24,23,0.930,0.237,1.670,2.349,28.33,58112.5
