alpha,eta,Initialization,Iterations,CPUSeconds,FinalResidual,Gap_A,pi_A,ActiveCount_A,ModelBIterations,ModelBCPUSeconds,pi_B,f1_A_over_q,f2_A_over_q,f3_A_over_q,f1_B_over_q,f2_B_over_q,f3_B_over_q
0.8,0.1,Model B warm start,95,0.04393883282318711,6.221512194315437e-11,1.3385698936522053e-15,25.466969901590957,3,62,0.07461691601201892,25.18286151114529,0.016143962342542912,0.13792903884796923,0.8459269988094856,0.057368823324838135,0.16691258098650213,0.7757185956886598
0.8,0.1,Uniform initialization,103,0.04782004188746214,6.849631972727366e-11,1.5616648759275741e-15,25.46696990159122,3,62,0.07461691601201892,25.18286151114529,0.01614396234254755,0.1379290388479699,0.8459269988094803,0.057368823324838135,0.16691258098650213,0.7757185956886598
0.8,0.2,Model B warm start,99,0.048510541673749685,4.956746124662459e-11,1.2705630234472515e-15,26.830758214733592,3,91,0.12305795773863792,26.150593618109,0.00975400055391228,0.1295586544078343,0.8606873450382523,0.11113173317110467,0.18301326662774248,0.7058550002011529
0.8,0.2,Uniform initialization,104,0.04882212495431304,5.2239101933082566e-11,2.5411260468945e-15,26.830758214733635,3,91,0.12305795773863792,26.150593618109,0.009754000553912658,0.1295586544078367,0.8606873450382506,0.11113173317110467,0.18301326662774248,0.7058550002011529
0.8,0.3,Model B warm start,101,0.047499791253358126,4.760636329592671e-11,2.0152967088906147e-15,28.193480097145816,3,41,0.04945754213258624,26.444329719537166,0.004771121394189245,0.12154373847518107,0.8736851401306295,0.1598852121095619,0.21971629692346667,0.6203984909669713
0.8,0.3,Uniform initialization,104,0.04891491727903485,5.043432338425191e-11,2.8214153924468584e-15,28.193480097145944,3,41,0.04945754213258624,26.444329719537166,0.0047711213941905705,0.12154373847518221,0.8736851401306278,0.1598852121095619,0.21971629692346667,0.6203984909669713
0.8,0.4,Model B warm start,103,0.04784195823594928,3.949196525354637e-11,3.8449778009547395e-16,29.55511875020295,3,33,0.04038962488994002,26.954435910197667,0.0008899325046761716,0.11391712545150671,0.885192942043816,0.1959065994490799,0.2755089325047751,0.5285844680461449
0.8,0.4,Uniform initialization,105,0.048383625224232674,3.923616986867273e-11,1.7302400104296303e-15,29.55511875020308,3,33,0.04038962488994002,26.954435910197667,0.0008899325046773703,0.11391712545150509,0.8851929420438177,0.1959065994490799,0.2755089325047751,0.5285844680461449
0.8,0.5,Model B warm start,107,0.05016766581684351,1.0814460438268725e-11,0.0,30.9017458740174,2,33,0.03817708371207118,27.337749068012663,0.0,0.10638311336684252,0.8936168866331553,0.2320099755693993,0.33137543268936215,0.43661459174123857
0.8,0.5,Uniform initialization,109,0.05075887497514486,7.58504370423907e-12,2.574243173501347e-15,30.90174587401735,2,33,0.03817708371207118,27.337749068012663,0.0,0.1063831133668387,0.8936168866331633,0.2320099755693993,0.33137543268936215,0.43661459174123857
0.8,0.6,Model B warm start,108,0.049545333720743656,9.316991622654314e-12,8.811201505614448e-16,32.243838040043684,2,29,0.03616466699168086,28.999945298354348,0.0,0.09923840256929063,0.9007615974307097,0.26604738094749525,0.3840270374713694,0.3499255815811354
0.8,0.6,Uniform initialization,109,0.05090412497520447,7.332801033044234e-12,0.0,32.243838040043656,2,29,0.03616466699168086,28.999945298354348,0.0,0.0992384025692873,0.900761597430708,0.26604738094749525,0.3840270374713694,0.3499255815811354
0.8,0.7,Model B warm start,108,0.05005499999970198,9.08073616301408e-12,3.383611786886937e-15,33.5867557308748,2,29,0.03168304217979312,27.861441410752008,0.0,0.09257432813287615,0.9074256718671265,0.27744294043224377,0.40165640731399915,0.320900652253757
0.8,0.7,Uniform initialization,109,0.050130917225033045,6.286526854637486e-12,0.0,33.5867557308747,2,29,0.03168304217979312,27.861441410752008,0.0,0.09257432813287167,0.9074256718671265,0.27744294043224377,0.40165640731399915,0.320900652253757
0.8,0.8,Model B warm start,108,0.05162579193711281,8.393286066166183e-12,4.554898906581872e-15,34.93044298832244,2,28,0.03275470808148384,27.34850393253692,0.0,0.08635260863532555,0.9136473913646785,0.2774429404322438,0.40165640731399915,0.320900652253757
0.8,0.8,Uniform initialization,109,0.05059758387506008,5.9827698351000436e-12,1.1387247266454726e-15,34.93044298832241,2,28,0.03275470808148384,27.34850393253692,0.0,0.08635260863532221,0.9136473913646785,0.2774429404322438,0.40165640731399915,0.320900652253757
0.8,0.9,Model B warm start,108,0.04971733316779137,7.815970093361102e-12,0.0,36.274842824818066,2,27,0.030709040816873312,29.711872596900427,0.0,0.08053842749837412,0.9194615725016219,0.27744294043224377,0.401656407313999,0.3209006522537572
0.8,0.9,Uniform initialization,109,0.050824834033846855,5.3717030823463574e-12,0.0,36.27484282481802,2,27,0.030709040816873312,29.711872596900427,0.0,0.08053842749837095,0.9194615725016284,0.27744294043224377,0.401656407313999,0.3209006522537572
0.8,1.0,Model B warm start,108,0.050139833241701126,7.319478356748732e-12,3.625179670141846e-15,37.6198983027858,2,24,0.026933916844427586,29.00565509740646,0.0,0.0751001316094323,0.9248998683905709,0.2774429404322437,0.40165640731399926,0.3209006522537572
0.8,1.0,Uniform initialization,109,0.05118749989196658,5.049294315995212e-12,0.0,37.619898302785685,2,24,0.026933916844427586,29.00565509740646,0.0,0.07510013160942819,0.9248998683905694,0.2774429404322437,0.40165640731399926,0.3209006522537572
0.84,0.1,Model B warm start,95,0.043153292033821344,6.905054306116654e-11,2.874684413553392e-15,25.693432856717322,3,68,0.08624149998649955,25.37188817969497,0.02030653325324244,0.15580974402341158,0.8238837227233446,0.061018843425347136,0.1978858985693348,0.741095258005318
0.84,0.1,Uniform initialization,102,0.046757500153034925,7.73212605054141e-11,5.307109686560106e-15,25.693432856717926,3,68,0.08624149998649955,25.37188817969497,0.020306533253255238,0.1558097440234073,0.8238837227233379,0.061018843425347136,0.1978858985693348,0.741095258005318
0.84,0.2,Model B warm start,98,0.05199245782569051,6.698996912746225e-11,4.165069886361313e-15,27.28280135710264,3,65,0.08772845799103379,26.482816249038805,0.01670398705495087,0.1651017728865608,0.8181942400584882,0.12064987894328624,0.249353576609442,0.6299965444472717
0.84,0.2,Uniform initialization,102,0.048932916950434446,6.799893981224159e-11,2.9155489204529257e-15,27.282801357102983,3,65,0.08772845799103379,26.482816249038805,0.016703987054957656,0.16510177288655442,0.8181942400584867,0.12064987894328624,0.249353576609442,0.6299965444472717
0.84,0.3,Model B warm start,100,0.04643333423882723,6.185985057527432e-11,3.345741138390712e-15,28.87013259657423,3,48,0.06328608421608806,27.44432496788891,0.01347731660074416,0.1744367587270647,0.8120859246721908,0.20466464057506611,0.2929443067466615,0.5023910526782724
0.84,0.3,Uniform initialization,102,0.04753208393231034,6.086509074521018e-11,2.7553162316158824e-15,28.870132596574344,3,48,0.06328608421608806,27.44432496788891,0.01347731660074621,0.17443675872706071,0.8120859246721922,0.20466464057506611,0.2929443067466615,0.5023910526782724
0.84,0.4,Model B warm start,101,0.04648866690695286,6.09787775829318e-11,2.4253943531567344e-15,30.455305956123958,3,42,0.050038708839565516,27.510291511556225,0.010587277970063943,0.18378611422174831,0.8056266078081865,0.2569513053696697,0.36995640229994875,0.3730922923303816
0.84,0.4,Uniform initialization,102,0.04872595798224211,5.847733408614886e-11,1.8656879639667186e-15,30.455305956124043,3,42,0.050038708839565516,27.510291511556225,0.010587277970065614,0.18378611422173827,0.8056266078081953,0.2569513053696697,0.36995640229994875,0.3730922923303816
0.84,0.5,Model B warm start,102,0.047963208984583616,4.8828496801434085e-11,4.611213950655659e-15,32.03825509825346,3,33,0.04102112539112568,27.51730264179111,0.007999684427349368,0.19312349471352044,0.7988768208591323,0.2774429404322439,0.40165640731399915,0.320900652253757
0.84,0.5,Uniform initialization,103,0.04804175021126866,4.736488978807074e-11,3.192378888915456e-15,32.03825509825333,3,33,0.04102112539112568,27.51730264179111,0.0079996844273481,0.19312349471351123,0.7988768208591422,0.2774429404322439,0.40165640731399915,0.320900652253757
0.84,0.6,Model B warm start,102,0.05184687487781048,5.036004946390449e-11,1.5211673160251162e-15,33.61895949547055,3,26,0.0297069582156837,29.667455686541814,0.005684405124721689,0.2024248459024403,0.7918907489728378,0.2774429404322437,0.40165640731399915,0.3209006522537571
0.84,0.6,Uniform initialization,103,0.0715928329154849,4.89894236288535e-11,0.0,33.618959495470406,3,26,0.0297069582156837,29.667455686541814,0.005684405124720371,0.20242484590243306,0.7918907489728444,0.2774429404322437,0.40165640731399915,0.3209006522537571
0.84,0.7,Model B warm start,102,0.047911958768963814,5.2624793411837345e-11,5.811890771617538e-15,35.19743699645467,3,26,0.03336829086765647,30.09557271911823,0.003614619464728032,0.21166835741372445,0.7847170231215518,0.2774429404322438,0.4016564073139991,0.32090065225375713
0.84,0.7,Uniform initialization,103,0.04816345823928714,5.100891931064666e-11,0.0,35.19743699645454,3,26,0.03336829086765647,30.09557271911823,0.0036146194647268632,0.21166835741371778,0.7847170231215532,0.2774429404322438,0.4016564073139991,0.32090065225375713
0.84,0.8,Model B warm start,103,0.04859783360734582,4.39515090988607e-11,1.5452360185964934e-15,36.77373729755081,3,23,0.02884466713294387,28.37283013732162,0.0017662606043790015,0.2208343529160021,0.7773993864796198,0.2774429404322438,0.40165640731399915,0.320900652253757
0.84,0.8,Uniform initialization,104,0.05015816632658243,4.246747398184425e-11,2.7814248334736824e-15,36.77373729755068,3,23,0.02884466713294387,28.37283013732162,0.0017662606043779676,0.2208343529159996,0.7773993864796247,0.2774429404322438,0.40165640731399915,0.320900652253757
0.84,0.9,Model B warm start,104,0.048440666403621435,4.1105738604607645e-11,2.963648201192081e-15,38.34793619343789,3,23,0.026464042253792286,30.663233039499033,0.00011759840505639742,0.2299051436229107,0.7699772579720354,0.27744294043224366,0.40165640731399915,0.32090065225375713
0.84,0.9,Uniform initialization,104,0.04850379191339016,5.003091864408393e-11,0.0,38.347936193438585,3,23,0.026464042253792286,30.663233039499033,0.00011759840506172285,0.22990514362290865,0.7699772579720257,0.27744294043224366,0.40165640731399915,0.32090065225375713
0.84,1.0,Model B warm start,108,0.05051300022751093,2.7000623958883807e-13,0.0,39.90848758642926,2,23,0.02708654198795557,30.858560453673064,0.0,0.23856819876829904,0.7614318012316998,0.27744294043224355,0.4016564073139991,0.32090065225375736
0.84,1.0,Uniform initialization,109,0.05105374986305833,0.0,0.0,39.908487586429246,2,23,0.02708654198795557,30.858560453673064,0.0,0.23856819876829802,0.7614318012316998,0.27744294043224355,0.4016564073139991,0.32090065225375736
0.88,0.1,Model B warm start,95,0.04456195794045925,8.112976956908824e-11,7.414610290986262e-15,26.05328316890209,3,68,0.08403208293020725,25.66206512910866,0.028213068547286467,0.1886125204936674,0.7831744109590473,0.06635755240347829,0.2568971405934723,0.6767453070030494
0.88,0.1,Uniform initialization,101,0.04677970800548792,8.123635097945225e-11,7.196533517721979e-15,26.053283168903008,3,68,0.08403208293020725,25.66206512910866,0.028213068547311548,0.1886125204936438,0.7831744109590459,0.06635755240347829,0.2568971405934723,0.6767453070030494
0.88,0.2,Model B warm start,97,0.04600245784968138,9.065104222827358e-11,8.735424428215825e-15,27.96859045646172,3,56,0.06956370826810598,26.951586584715457,0.03165562379938566,0.23603017221903877,0.7323142039815759,0.13045867191522875,0.38107793042560395,0.48846339765916724
0.88,0.2,Uniform initialization,100,0.047240000218153,8.049028110690415e-11,8.532275022908481e-15,27.968590456462493,3,56,0.06956370826810598,26.951586584715457,0.03165562379940957,0.23603017221899752,0.7323142039815951,0.13045867191522875,0.38107793042560395,0.48846339765916724
0.88,0.3,Model B warm start,98,0.04605233436450362,8.543565854779445e-11,8.564714131663989e-15,29.853690621351248,3,40,0.05110554210841656,28.00099315757336,0.034605391250514046,0.28766769606121223,0.6777269126882739,0.208063117797543,0.4406701040656797,0.3512667781367773
0.88,0.3,Uniform initialization,99,0.04652724973857403,9.156053693004651e-11,7.993733189553078e-15,29.853690621352023,3,40,0.05110554210841656,28.00099315757336,0.034605391250537146,0.287667696061186,0.677726912688277,0.208063117797543,0.4406701040656797,0.3512667781367773
0.88,0.4,Model B warm start,98,0.046014583203941584,9.317346894022194e-11,7.524484026236527e-15,31.71623493823172,3,26,0.02935979189351201,27.12846502145188,0.03711106553310966,0.34161485858294915,0.6212740758839391,0.2774429404322438,0.40165640731399915,0.320900652253757
0.88,0.4,Uniform initialization,98,0.046322125010192394,1.098996449400147e-10,9.495182223584204e-15,31.716234938232354,3,26,0.02935979189351201,27.12846502145188,0.03711106553312838,0.3416148585829484,0.6212740758839217,0.2774429404322438,0.40165640731399915,0.320900652253757
0.88,0.5,Model B warm start,97,0.04522654181346297,1.0307843467671773e-10,1.0665228242513214e-14,33.565172289809325,3,24,0.02993516717106104,29.567360054917636,0.03931726279427156,0.3953165717247364,0.5653661654809901,0.2774429404322437,0.40165640731399926,0.3209006522537571
0.88,0.5,Uniform initialization,98,0.04519779188558459,9.666933920016163e-11,1.4728172334899104e-14,33.56517228980917,3,24,0.02993516717106104,29.567360054917636,0.03931726279426692,0.39531657172473367,0.5653661654810025,0.2774429404322437,0.40165640731399926,0.3209006522537571
0.88,0.6,Model B warm start,96,0.04497841699048877,1.0813039352797205e-10,1.4282412632029578e-14,35.4091364486421,3,24,0.02737062470987439,28.671878415530067,0.041422260732878406,0.44615250456074235,0.5124252347063786,0.2774429404322439,0.401656407313999,0.3209006522537572
0.88,0.6,Uniform initialization,96,0.0449601667933166,1.326725396211259e-10,1.412193608560238e-14,35.409136448642826,3,24,0.02737062470987439,28.671878415530067,0.041422260732901395,0.44615250456075495,0.5124252347063394,0.2774429404322439,0.401656407313999,0.3209006522537572
0.88,0.7,Model B warm start,95,0.043981125112622976,1.1161205293319654e-10,1.708333892621717e-14,37.25458777428064,3,25,0.028323042206466198,30.76106896759233,0.043612409382627705,0.49222694776978615,0.4641606428475855,0.27744294043224366,0.40165640731399915,0.3209006522537571
0.88,0.7,Uniform initialization,95,0.044449208304286,1.3736922710450017e-10,1.7998517797264645e-14,37.25458777428145,3,25,0.028323042206466198,30.76106896759233,0.04361240938265425,0.4922269477697981,0.46416064284754405,0.27744294043224366,0.40165640731399915,0.3209006522537571
0.88,0.8,Model B warm start,93,0.044747209176421165,1.4809131698712008e-10,2.8191033039304264e-14,39.104985491303324,3,27,0.03499633399769664,31.070756378633128,0.04601608271858674,0.5327376244998876,0.4212462927815269,0.27744294043224377,0.4016564073139993,0.32090065225375697
0.88,0.8,Uniform initialization,94,0.044685875065624714,1.4084378108236706e-10,2.1215932081125998e-14,39.10498549130304,3,27,0.03499633399769664,31.070756378633128,0.04601608271857676,0.532737624499883,0.4212462927815362,0.27744294043224377,0.4016564073139993,0.32090065225375697
0.88,0.9,Model B warm start,92,0.04381787497550249,1.4992806995905994e-10,3.093705571530992e-14,40.96128406856289,3,23,0.027593874838203192,30.713642837626708,0.04869795952094584,0.5677694356465103,0.3835326048325446,0.2774429404322439,0.4016564073139991,0.32090065225375697
0.88,0.9,Uniform initialization,93,0.04418841702863574,1.431743612556602e-10,2.802370069279197e-14,40.961284068562634,3,23,0.027593874838203192,30.713642837626708,0.04869795952093645,0.567769435646508,0.3835326048325546,0.2774429404322439,0.4016564073139991,0.32090065225375697
0.88,1.0,Model B warm start,91,0.0424947920255363,1.5052847857077722e-10,3.131762812586045e-14,42.82294972575781,3,21,0.02362233307212591,32.21031193869702,0.051676640797176765,0.597877116547638,0.3504462426551827,0.2774429404322437,0.4016564073139991,0.32090065225375713
0.88,1.0,Uniform initialization,92,0.04283054219558835,1.4432544048759155e-10,3.410436622180547e-14,42.822949725757624,3,21,0.02362233307212591,32.21031193869702,0.05167664079716964,0.5978771165476352,0.35044624265519675,0.2774429404322437,0.4016564073139991,0.32090065225375713
0.92,0.1,Model B warm start,95,0.044260833878070116,7.528200285378261e-11,4.5166147064087855e-15,26.416847501862755,3,68,0.08426425000652671,26.041764649253025,0.03779090449598223,0.21738485278773362,0.7448242427162821,0.06656752212035948,0.293465507035572,0.6399669708440685
0.92,0.1,Uniform initialization,100,0.046286709140986204,8.679279517309624e-11,5.591999160315665e-15,26.416847501864154,3,68,0.08426425000652671,26.041764649253025,0.03779090449602811,0.21738485278770275,0.7448242427162673,0.06656752212035948,0.293465507035572,0.6399669708440685
0.92,0.2,Model B warm start,95,0.04472604161128402,1.1571188451853232e-10,1.3890457214590316e-14,28.633348432384686,3,51,0.06283683283254504,27.64101962569395,0.052504958599233785,0.30121272273082156,0.646282318669944,0.12517143959737584,0.4596100741316319,0.4152184862709922
0.92,0.2,Uniform initialization,98,0.045993917156010866,9.527667543807183e-11,9.128014741016536e-15,28.63334843238558,3,51,0.06283683283254504,27.64101962569395,0.052504958599273975,0.30121272273074406,0.6462823186699806,0.12517143959737584,0.4596100741316319,0.4152184862709922
0.92,0.3,Model B warm start,93,0.0433235839009285,1.2683187833317788e-10,1.9202076549044683e-14,30.774355507138488,3,33,0.03910691663622856,28.870446437856756,0.06784793406371306,0.39039395950082384,0.5417581064354617,0.18700336993099548,0.4524572703776519,0.36053935969135265
0.92,0.3,Uniform initialization,95,0.04444179218262434,1.3572787338489434e-10,2.2525512874840862e-14,30.774355507138942,3,33,0.03910691663622856,28.870446437856756,0.06784793406373549,0.3903939595008092,0.5417581064354569,0.18700336993099548,0.4524572703776519,0.36053935969135265
0.92,0.4,Model B warm start,91,0.042333957739174366,1.5234036254696548e-10,3.422955753215581e-14,32.868430242431344,3,38,0.044113249983638525,29.817857201816736,0.08384743884313586,0.47377565976645986,0.44237690139040414,0.2554452946513931,0.41405391982803347,0.33050078552057355
0.92,0.4,Uniform initialization,92,0.04282358381897211,1.602629140506906e-10,3.4921063744926707e-14,32.868430242431515,3,38,0.044113249983638525,29.817857201816736,0.08384743884314552,0.4737756597664631,0.4423769013903904,0.2554452946513931,0.41405391982803347,0.33050078552057355
0.92,0.5,Model B warm start,88,0.04110879171639681,1.8317791727895383e-10,5.4812795744880254e-14,34.935967590040164,3,36,0.03999891597777605,30.712190931160336,0.10086635292818344,0.5433979846945785,0.3557356623772382,0.2774429404322437,0.40165640731399915,0.32090065225375725
0.92,0.5,Uniform initialization,89,0.04155320813879371,1.7696422105473175e-10,4.830682592352972e-14,34.93596759004008,3,36,0.03999891597777605,30.712190931160336,0.1008663529281774,0.5433979846945676,0.3557356623772508,0.2774429404322437,0.40165640731399915,0.32090065225375725
0.92,0.6,Model B warm start,85,0.03976533329114318,1.8168222482017882e-10,7.175314366983673e-14,36.983616476997085,3,32,0.03645512508228421,31.57646665575801,0.11891881810822602,0.5978773683696077,0.28320381352216806,0.27744294043224377,0.40165640731399915,0.3209006522537571
0.92,0.6,Uniform initialization,86,0.04054004093632102,1.886490963443066e-10,7.467243645297787e-14,36.98361647699717,3,32,0.03645512508228421,31.57646665575801,0.11891881810823383,0.5978773683696155,0.2832038135221523,0.27744294043224377,0.40165640731399915,0.3209006522537571
0.92,0.7,Model B warm start,80,0.03802208323031664,1.744098199196742e-10,8.33208130052183e-14,39.010685703130704,3,30,0.03395345900207758,32.40258726275067,0.13751084877919667,0.6394459433688804,0.2230432078519217,0.2774429404322439,0.4016564073139991,0.3209006522537571
0.92,0.7,Uniform initialization,82,0.03982070833444595,1.992290776797745e-10,9.788738870543117e-14,39.010685703131074,3,30,0.03395345900207758,32.40258726275067,0.1375108487792363,0.6394459433688968,0.22304320785186857,0.2774429404322439,0.4016564073139991,0.3209006522537571
0.92,0.8,Model B warm start,81,0.038172916043549776,1.9132251338760398e-10,8.43757068400879e-14,41.0154728403803,3,25,0.028586958069354296,33.22147607291903,0.15586538602202668,0.6709497117044518,0.17318490227352087,0.27744294043224366,0.40165640731399915,0.3209006522537571
0.92,0.8,Uniform initialization,79,0.03736304212361574,1.8049028938094125e-10,8.008072012080591e-14,41.0154728403804,3,25,0.028586958069354296,33.22147607291903,0.1558653860220432,0.6709497117044604,0.1731849022734963,0.27744294043224366,0.40165640731399915,0.3209006522537571
0.92,0.9,Model B warm start,85,0.04035037523135543,1.801723215066886e-10,6.951796395233418e-14,42.99744537366654,3,25,0.028506875038146973,35.478317014282794,0.17317673003298348,0.6947900287372377,0.13203324122977894,0.2774429404322439,0.40165640731399915,0.32090065225375686
0.92,0.9,Uniform initialization,85,0.039817791897803545,1.6114221068619372e-10,6.58173879244531e-14,42.997445373666636,3,25,0.028506875038146973,35.478317014282794,0.17317673003301193,0.6947900287372528,0.13203324122973764,0.2774429404322439,0.40165640731399915,0.32090065225375686
0.92,1.0,Model B warm start,88,0.042682541999965906,1.545590322393764e-10,5.1951952879099585e-14,44.957215009867895,3,28,0.03484945930540562,34.8495385788888,0.18879481285384878,0.7127977436062224,0.0984074435399304,0.2774429404322437,0.40165640731399915,0.32090065225375713
0.92,1.0,Uniform initialization,88,0.04282362526282668,1.504334434798693e-10,4.803343575196561e-14,44.95721500986795,3,28,0.03484945930540562,34.8495385788888,0.18879481285386165,0.7127977436062166,0.09840744353992424,0.2774429404322437,0.40165640731399915,0.32090065225375713
