alpha,eta,Iterations_uniform,Iterations_warm,Iteration_reduction,Iteration_reduction_pct,CPU_uniform,CPU_warm,CPU_reduction,CPU_reduction_pct,FinalResidual_uniform,FinalResidual_warm,Gap_A_uniform,Gap_A_warm,pi_A_uniform,pi_A_warm,ActiveCount_A_uniform,ActiveCount_A_warm,ModelBIterations,ModelBCPUSeconds,pi_B
0.8,0.1,103,95,8,7.766990291262136,0.04782004188746214,0.04393883282318711,0.0038812090642750263,8.116281188981214,6.849631972727366e-11,6.221512194315437e-11,1.5616648759275741e-15,1.3385698936522053e-15,25.46696990159122,25.466969901590957,3,3,62,0.07461691601201892,25.18286151114529
0.8,0.2,104,99,5,4.8076923076923075,0.04882212495431304,0.048510541673749685,0.0003115832805633545,0.6382009813274804,5.2239101933082566e-11,4.956746124662459e-11,2.5411260468945e-15,1.2705630234472515e-15,26.830758214733635,26.830758214733592,3,3,91,0.12305795773863792,26.150593618109
0.8,0.3,104,101,3,2.8846153846153846,0.04891491727903485,0.047499791253358126,0.0014151260256767273,2.893035712611246,5.043432338425191e-11,4.760636329592671e-11,2.8214153924468584e-15,2.0152967088906147e-15,28.193480097145944,28.193480097145816,3,3,41,0.04945754213258624,26.444329719537166
0.8,0.4,105,103,2,1.9047619047619047,0.048383625224232674,0.04784195823594928,0.0005416669882833958,1.1195254298805721,3.923616986867273e-11,3.949196525354637e-11,1.7302400104296303e-15,3.8449778009547395e-16,29.55511875020308,29.55511875020295,3,3,33,0.04038962488994002,26.954435910197667
0.8,0.5,109,107,2,1.834862385321101,0.05075887497514486,0.05016766581684351,0.0005912091583013535,1.1647404687177392,7.58504370423907e-12,1.0814460438268725e-11,2.574243173501347e-15,0.0,30.90174587401735,30.9017458740174,2,2,33,0.03817708371207118,27.337749068012663
0.8,0.6,109,108,1,0.9174311926605505,0.05090412497520447,0.049545333720743656,0.0013587912544608116,2.6693146284759486,7.332801033044234e-12,9.316991622654314e-12,0.0,8.811201505614448e-16,32.243838040043656,32.243838040043684,2,2,29,0.03616466699168086,28.999945298354348
0.8,0.7,109,108,1,0.9174311926605505,0.050130917225033045,0.05005499999970198,7.591722533106804e-05,0.15143793398050678,6.286526854637486e-12,9.08073616301408e-12,0.0,3.383611786886937e-15,33.5867557308747,33.5867557308748,2,2,29,0.03168304217979312,27.861441410752008
0.8,0.8,109,108,1,0.9174311926605505,0.05059758387506008,0.05162579193711281,-0.0010282080620527267,-2.0321287763298477,5.9827698351000436e-12,8.393286066166183e-12,1.1387247266454726e-15,4.554898906581872e-15,34.93044298832241,34.93044298832244,2,2,28,0.03275470808148384,27.34850393253692
0.8,0.9,109,108,1,0.9174311926605505,0.050824834033846855,0.04971733316779137,0.0011075008660554886,2.179054564778209,5.3717030823463574e-12,7.815970093361102e-12,0.0,0.0,36.27484282481802,36.274842824818066,2,2,27,0.030709040816873312,29.711872596900427
0.8,1.0,109,108,1,0.9174311926605505,0.05118749989196658,0.050139833241701126,0.0010476666502654552,2.0467236190019062,5.049294315995212e-12,7.319478356748732e-12,0.0,3.625179670141846e-15,37.619898302785685,37.6198983027858,2,2,24,0.026933916844427586,29.00565509740646
0.84,0.1,102,95,7,6.862745098039215,0.046757500153034925,0.043153292033821344,0.003604208119213581,7.7082994330689,7.73212605054141e-11,6.905054306116654e-11,5.307109686560106e-15,2.874684413553392e-15,25.693432856717926,25.693432856717322,3,3,68,0.08624149998649955,25.37188817969497
0.84,0.2,102,98,4,3.9215686274509802,0.048932916950434446,0.05199245782569051,-0.0030595408752560616,-6.252520932596678,6.799893981224159e-11,6.698996912746225e-11,2.9155489204529257e-15,4.165069886361313e-15,27.282801357102983,27.28280135710264,3,3,65,0.08772845799103379,26.482816249038805
0.84,0.3,102,100,2,1.9607843137254901,0.04753208393231034,0.04643333423882723,0.0010987496934831142,2.3115958792125033,6.086509074521018e-11,6.185985057527432e-11,2.7553162316158824e-15,3.345741138390712e-15,28.870132596574344,28.87013259657423,3,3,48,0.06328608421608806,27.44432496788891
0.84,0.4,102,101,1,0.9803921568627451,0.04872595798224211,0.04648866690695286,0.0022372910752892494,4.591579453614061,5.847733408614886e-11,6.09787775829318e-11,1.8656879639667186e-15,2.4253943531567344e-15,30.455305956124043,30.455305956123958,3,3,42,0.050038708839565516,27.510291511556225
0.84,0.5,103,102,1,0.970873786407767,0.04804175021126866,0.047963208984583616,7.854122668504715e-05,0.16348535667342223,4.736488978807074e-11,4.8828496801434085e-11,3.192378888915456e-15,4.611213950655659e-15,32.03825509825333,32.03825509825346,3,3,33,0.04102112539112568,27.51730264179111
0.84,0.6,103,102,1,0.970873786407767,0.0715928329154849,0.05184687487781048,0.019745958037674427,27.580914504367307,4.89894236288535e-11,5.036004946390449e-11,0.0,1.5211673160251162e-15,33.618959495470406,33.61895949547055,3,3,26,0.0297069582156837,29.667455686541814
0.84,0.7,103,102,1,0.970873786407767,0.04816345823928714,0.047911958768963814,0.0002514994703233242,0.5221790118845224,5.100891931064666e-11,5.2624793411837345e-11,0.0,5.811890771617538e-15,35.19743699645454,35.19743699645467,3,3,26,0.03336829086765647,30.09557271911823
0.84,0.8,104,103,1,0.9615384615384616,0.05015816632658243,0.04859783360734582,0.0015603327192366123,3.1108248835836716,4.246747398184425e-11,4.39515090988607e-11,2.7814248334736824e-15,1.5452360185964934e-15,36.77373729755068,36.77373729755081,3,3,23,0.02884466713294387,28.37283013732162
0.84,0.9,104,104,0,0.0,0.04850379191339016,0.048440666403621435,6.312550976872444e-05,0.13014551497632035,5.003091864408393e-11,4.1105738604607645e-11,0.0,2.963648201192081e-15,38.347936193438585,38.34793619343789,3,3,23,0.026464042253792286,30.663233039499033
0.84,1.0,109,108,1,0.9174311926605505,0.05105374986305833,0.05051300022751093,0.0005407496355473995,1.0591771162703119,0.0,2.7000623958883807e-13,0.0,0.0,39.908487586429246,39.90848758642926,2,2,23,0.02708654198795557,30.858560453673064
0.88,0.1,101,95,6,5.9405940594059405,0.04677970800548792,0.04456195794045925,0.0022177500650286674,4.740837768308631,8.123635097945225e-11,8.112976956908824e-11,7.196533517721979e-15,7.414610290986262e-15,26.053283168903008,26.05328316890209,3,3,68,0.08403208293020725,25.66206512910866
0.88,0.2,100,97,3,3.0,0.047240000218153,0.04600245784968138,0.0012375423684716225,2.619691707782994,8.049028110690415e-11,9.065104222827358e-11,8.532275022908481e-15,8.735424428215825e-15,27.968590456462493,27.96859045646172,3,3,56,0.06956370826810598,26.951586584715457
0.88,0.3,99,98,1,1.0101010101010102,0.04652724973857403,0.04605233436450362,0.00047491537407040596,1.020725223903942,9.156053693004651e-11,8.543565854779445e-11,7.993733189553078e-15,8.564714131663989e-15,29.853690621352023,29.853690621351248,3,3,40,0.05110554210841656,28.00099315757336
0.88,0.4,98,98,0,0.0,0.046322125010192394,0.046014583203941584,0.0003075418062508106,0.663919900443128,1.098996449400147e-10,9.317346894022194e-11,9.495182223584204e-15,7.524484026236527e-15,31.716234938232354,31.71623493823172,3,3,26,0.02935979189351201,27.12846502145188
0.88,0.5,98,97,1,1.0204081632653061,0.04519779188558459,0.04522654181346297,-2.8749927878379822e-05,-0.06360914256864247,9.666933920016163e-11,1.0307843467671773e-10,1.4728172334899104e-14,1.0665228242513214e-14,33.56517228980917,33.565172289809325,3,3,24,0.02993516717106104,29.567360054917636
0.88,0.6,96,96,0,0.0,0.0449601667933166,0.04497841699048877,-1.8250197172164917e-05,-0.04059192497230201,1.326725396211259e-10,1.0813039352797205e-10,1.412193608560238e-14,1.4282412632029578e-14,35.409136448642826,35.4091364486421,3,3,24,0.02737062470987439,28.671878415530067
0.88,0.7,95,95,0,0.0,0.044449208304286,0.043981125112622976,0.0004680831916630268,1.053074305527939,1.3736922710450017e-10,1.1161205293319654e-10,1.7998517797264645e-14,1.708333892621717e-14,37.25458777428145,37.25458777428064,3,3,25,0.028323042206466198,30.76106896759233
0.88,0.8,94,93,1,1.0638297872340425,0.044685875065624714,0.044747209176421165,-6.133411079645157e-05,-0.13725614795811342,1.4084378108236706e-10,1.4809131698712008e-10,2.1215932081125998e-14,2.8191033039304264e-14,39.10498549130304,39.104985491303324,3,3,27,0.03499633399769664,31.070756378633128
0.88,0.9,93,92,1,1.075268817204301,0.04418841702863574,0.04381787497550249,0.0003705420531332493,0.8385501858849667,1.431743612556602e-10,1.4992806995905994e-10,2.802370069279197e-14,3.093705571530992e-14,40.961284068562634,40.96128406856289,3,3,23,0.027593874838203192,30.713642837626708
0.88,1.0,92,91,1,1.0869565217391304,0.04283054219558835,0.0424947920255363,0.00033575017005205154,0.7839036184011573,1.4432544048759155e-10,1.5052847857077722e-10,3.410436622180547e-14,3.131762812586045e-14,42.822949725757624,42.82294972575781,3,3,21,0.02362233307212591,32.21031193869702
0.92,0.1,100,95,5,5.0,0.046286709140986204,0.044260833878070116,0.002025875262916088,4.37679692618762,8.679279517309624e-11,7.528200285378261e-11,5.591999160315665e-15,4.5166147064087855e-15,26.416847501864154,26.416847501862755,3,3,68,0.08426425000652671,26.041764649253025
0.92,0.2,98,95,3,3.061224489795918,0.045993917156010866,0.04472604161128402,0.0012678755447268486,2.756615707303704,9.527667543807183e-11,1.1571188451853232e-10,9.128014741016536e-15,1.3890457214590316e-14,28.63334843238558,28.633348432384686,3,3,51,0.06283683283254504,27.64101962569395
0.92,0.3,95,93,2,2.1052631578947367,0.04444179218262434,0.0433235839009285,0.0011182082816958427,2.5161187854459097,1.3572787338489434e-10,1.2683187833317788e-10,2.2525512874840862e-14,1.9202076549044683e-14,30.774355507138942,30.774355507138488,3,3,33,0.03910691663622856,28.870446437856756
0.92,0.4,92,91,1,1.0869565217391304,0.04282358381897211,0.042333957739174366,0.0004896260797977448,1.14335615129163,1.602629140506906e-10,1.5234036254696548e-10,3.4921063744926707e-14,3.422955753215581e-14,32.868430242431515,32.868430242431344,3,3,38,0.044113249983638525,29.817857201816736
0.92,0.5,89,88,1,1.1235955056179776,0.04155320813879371,0.04110879171639681,0.00044441642239689827,1.0695116991027103,1.7696422105473175e-10,1.8317791727895383e-10,4.830682592352972e-14,5.4812795744880254e-14,34.93596759004008,34.935967590040164,3,3,36,0.03999891597777605,30.712190931160336
0.92,0.6,86,85,1,1.1627906976744187,0.04054004093632102,0.03976533329114318,0.0007747076451778412,1.9109690747345984,1.886490963443066e-10,1.8168222482017882e-10,7.467243645297787e-14,7.175314366983673e-14,36.98361647699717,36.983616476997085,3,3,32,0.03645512508228421,31.57646665575801
0.92,0.7,82,80,2,2.4390243902439024,0.03982070833444595,0.03802208323031664,0.0017986251041293144,4.516808412906751,1.992290776797745e-10,1.744098199196742e-10,9.788738870543117e-14,8.33208130052183e-14,39.010685703131074,39.010685703130704,3,3,30,0.03395345900207758,32.40258726275067
0.92,0.8,79,81,-2,-2.5316455696202533,0.03736304212361574,0.038172916043549776,-0.0008098739199340343,-2.167580244816693,1.8049028938094125e-10,1.9132251338760398e-10,8.008072012080591e-14,8.43757068400879e-14,41.0154728403804,41.0154728403803,3,3,25,0.028586958069354296,33.22147607291903
0.92,0.9,85,85,0,0.0,0.039817791897803545,0.04035037523135543,-0.0005325833335518837,-1.3375511502968662,1.6114221068619372e-10,1.801723215066886e-10,6.58173879244531e-14,6.951796395233418e-14,42.997445373666636,42.99744537366654,3,3,25,0.028506875038146973,35.478317014282794
0.92,1.0,88,88,0,0.0,0.04282362526282668,0.042682541999965906,0.000141083262860775,0.32945193685702084,1.504334434798693e-10,1.545590322393764e-10,4.803343575196561e-14,5.1951952879099585e-14,44.95721500986795,44.957215009867895,3,3,28,0.03484945930540562,34.8495385788888
