Instance,Scenario,Probability,LinkCode,Link,t0,capacity,Delta,Formula
Regime-conditioned Braess,Normal-low,0.385,AB,A→B,3.0,130.0,0.0,t_AB^s(x_AB) = 3.00[1 + 0.15 (x_AB/130.00)^4] + 0.00
Regime-conditioned Braess,Normal-low,0.385,AC,A→C,7.5,85.0,0.0,t_AC^s(x_AC) = 7.50[1 + 0.15 (x_AC/85.00)^4] + 0.00
Regime-conditioned Braess,Normal-low,0.385,BC,B→C,0.8,120.0,0.0,t_BC^s(x_BC) = 0.80[1 + 0.15 (x_BC/120.00)^4] + 0.00
Regime-conditioned Braess,Normal-low,0.385,BD,B→D,14.0,65.0,0.0,t_BD^s(x_BD) = 14.00[1 + 0.15 (x_BD/65.00)^4] + 0.00
Regime-conditioned Braess,Normal-low,0.385,CD,C→D,8.0,110.0,0.0,t_CD^s(x_CD) = 8.00[1 + 0.15 (x_CD/110.00)^4] + 0.00
Regime-conditioned Braess,Normal-high,0.165,AB,A→B,3.12,120.9,0.55,t_AB^s(x_AB) = 3.12[1 + 0.15 (x_AB/120.90)^4] + 0.55
Regime-conditioned Braess,Normal-high,0.165,AC,A→C,7.800000000000001,79.05,0.55,t_AC^s(x_AC) = 7.80[1 + 0.15 (x_AC/79.05)^4] + 0.55
Regime-conditioned Braess,Normal-high,0.165,BC,B→C,0.8320000000000001,111.60000000000001,0.55,t_BC^s(x_BC) = 0.83[1 + 0.15 (x_BC/111.60)^4] + 0.55
Regime-conditioned Braess,Normal-high,0.165,BD,B→D,14.56,60.45,0.55,t_BD^s(x_BD) = 14.56[1 + 0.15 (x_BD/60.45)^4] + 0.55
Regime-conditioned Braess,Normal-high,0.165,CD,C→D,8.32,102.30000000000001,0.55,t_CD^s(x_CD) = 8.32[1 + 0.15 (x_CD/102.30)^4] + 0.55
Regime-conditioned Braess,Upper incident,0.18,AB,A→B,3.24,101.4,4.0,t_AB^s(x_AB) = 3.24[1 + 0.15 (x_AB/101.40)^4] + 4.00
Regime-conditioned Braess,Upper incident,0.18,AC,A→C,7.65,81.6,0.3,t_AC^s(x_AC) = 7.65[1 + 0.15 (x_AC/81.60)^4] + 0.30
Regime-conditioned Braess,Upper incident,0.18,BC,B→C,0.8160000000000001,115.19999999999999,0.3,t_BC^s(x_BC) = 0.82[1 + 0.15 (x_BC/115.20)^4] + 0.30
Regime-conditioned Braess,Upper incident,0.18,BD,B→D,16.52,35.75,16.0,t_BD^s(x_BD) = 16.52[1 + 0.15 (x_BD/35.75)^4] + 16.00
Regime-conditioned Braess,Upper incident,0.18,CD,C→D,8.16,105.6,0.3,t_CD^s(x_CD) = 8.16[1 + 0.15 (x_CD/105.60)^4] + 0.30
Regime-conditioned Braess,Lower incident,0.17,AB,A→B,3.06,124.8,0.3,t_AB^s(x_AB) = 3.06[1 + 0.15 (x_AB/124.80)^4] + 0.30
Regime-conditioned Braess,Lower incident,0.17,AC,A→C,8.549999999999999,52.7,10.0,t_AC^s(x_AC) = 8.55[1 + 0.15 (x_AC/52.70)^4] + 10.00
Regime-conditioned Braess,Lower incident,0.17,BC,B→C,0.8160000000000001,115.19999999999999,0.3,t_BC^s(x_BC) = 0.82[1 + 0.15 (x_BC/115.20)^4] + 0.30
Regime-conditioned Braess,Lower incident,0.17,BD,B→D,14.280000000000001,62.4,0.3,t_BD^s(x_BD) = 14.28[1 + 0.15 (x_BD/62.40)^4] + 0.30
Regime-conditioned Braess,Lower incident,0.17,CD,C→D,8.64,82.5,4.0,t_CD^s(x_CD) = 8.64[1 + 0.15 (x_CD/82.50)^4] + 4.00
Regime-conditioned Braess,Shortcut incident,0.05999999999999999,AB,A→B,3.0300000000000002,127.39999999999999,0.2,t_AB^s(x_AB) = 3.03[1 + 0.15 (x_AB/127.40)^4] + 0.20
Regime-conditioned Braess,Shortcut incident,0.05999999999999999,AC,A→C,7.575,83.3,0.2,t_AC^s(x_AC) = 7.58[1 + 0.15 (x_AC/83.30)^4] + 0.20
Regime-conditioned Braess,Shortcut incident,0.05999999999999999,BC,B→C,1.0,42.0,24.0,t_BC^s(x_BC) = 1.00[1 + 0.15 (x_BC/42.00)^4] + 24.00
Regime-conditioned Braess,Shortcut incident,0.05999999999999999,BD,B→D,14.14,63.699999999999996,0.2,t_BD^s(x_BD) = 14.14[1 + 0.15 (x_BD/63.70)^4] + 0.20
Regime-conditioned Braess,Shortcut incident,0.05999999999999999,CD,C→D,8.08,107.8,0.2,t_CD^s(x_CD) = 8.08[1 + 0.15 (x_CD/107.80)^4] + 0.20
Regime-conditioned Braess,Flood-moderate,0.026000000000000002,AB,A→B,3.4499999999999997,93.6,6.5,t_AB^s(x_AB) = 3.45[1 + 0.15 (x_AB/93.60)^4] + 6.50
Regime-conditioned Braess,Flood-moderate,0.026000000000000002,AC,A→C,8.625,61.199999999999996,6.5,t_AC^s(x_AC) = 8.62[1 + 0.15 (x_AC/61.20)^4] + 6.50
Regime-conditioned Braess,Flood-moderate,0.026000000000000002,BC,B→C,0.9199999999999999,86.39999999999999,6.5,t_BC^s(x_BC) = 0.92[1 + 0.15 (x_BC/86.40)^4] + 6.50
Regime-conditioned Braess,Flood-moderate,0.026000000000000002,BD,B→D,16.099999999999998,46.8,6.5,t_BD^s(x_BD) = 16.10[1 + 0.15 (x_BD/46.80)^4] + 6.50
Regime-conditioned Braess,Flood-moderate,0.026000000000000002,CD,C→D,9.2,79.2,6.5,t_CD^s(x_CD) = 9.20[1 + 0.15 (x_CD/79.20)^4] + 6.50
Regime-conditioned Braess,Flood-severe,0.013999999999999999,AB,A→B,3.66,75.39999999999999,10.0,t_AB^s(x_AB) = 3.66[1 + 0.15 (x_AB/75.40)^4] + 10.00
Regime-conditioned Braess,Flood-severe,0.013999999999999999,AC,A→C,9.15,49.3,10.0,t_AC^s(x_AC) = 9.15[1 + 0.15 (x_AC/49.30)^4] + 10.00
Regime-conditioned Braess,Flood-severe,0.013999999999999999,BC,B→C,1.0248,24.359999999999996,25.0,t_BC^s(x_BC) = 1.02[1 + 0.15 (x_BC/24.36)^4] + 25.00
Regime-conditioned Braess,Flood-severe,0.013999999999999999,BD,B→D,17.08,37.699999999999996,10.0,t_BD^s(x_BD) = 17.08[1 + 0.15 (x_BD/37.70)^4] + 10.00
Regime-conditioned Braess,Flood-severe,0.013999999999999999,CD,C→D,9.76,63.8,10.0,t_CD^s(x_CD) = 9.76[1 + 0.15 (x_CD/63.80)^4] + 10.00
